price,carat,cut,color,clarity,length_mm,width_mm
3867,0.9,Ideal,I,VS,6.13,6.18
12048,2.01,Ideal,J,SI,8.08,8.03
878,0.41,Very Good,F,SI,4.73,4.69
4325,0.68,Ideal,D,VVS,5.66,5.69
401,0.3,Ideal,E,SI,4.33,4.35
5504,1.19,Ideal,D,SI,6.91,6.89
1767,0.63,Good,H,VS,5.47,5.56
4704,1.02,Very Good,G,SI,6.36,6.4
1121,0.52,Ideal,F,SI,5.17,5.2
2137,0.7,Very Good,H,VS,5.58,5.62
417,0.24,Ideal,F,VS,3.97,4.02
752,0.33,Ideal,G,VVS,4.45,4.49
1289,0.52,Good,H,VS,5.09,5.12
4959,1.09,Very Good,I,VS,6.57,6.59
1140,0.51,Very Good,I,VS,5.02,5.06
1800,0.53,Ideal,F,VS,5.18,5.2
3418,0.93,Good,F,SI,6.24,6.25
1559,0.5,Premium,E,VS,5.07,5.09
1766,0.53,Premium,F,VS,5.32,5.28
3401,0.76,Ideal,D,VS,5.85,5.89
596,0.34,Ideal,E,SI,4.48,4.51
7430,1.22,Ideal,I,VS,6.91,6.99
4992,1.23,Good,J,SI,6.74,6.82
4203,1.2,Premium,D,SI,6.94,6.81
2112,0.6,Ideal,E,VS,5.4,5.43
705,0.33,Ideal,F,SI,4.49,4.46
1295,0.41,Ideal,D,VVS,4.76,4.77
1175,0.5,Fair,H,VS,5.02,5.06
827,0.35,Ideal,D,SI,4.59,4.56
755,0.42,Very Good,H,VS,4.81,4.84
3701,1.08,Premium,G,SI,6.66,6.61
480,0.27,Ideal,H,VS,4.18,4.2
709,0.3,Premium,D,SI,4.32,4.28
6149,1.3,Very Good,F,SI,6.98,7.02
2020,0.7,Premium,H,SI,5.63,5.57
608,0.32,Ideal,E,VS,4.4,4.46
2648,0.7,Premium,F,VS,5.78,5.76
4528,1,Good,G,SI,6.24,6.31
426,0.3,Ideal,D,SI,4.31,4.34
1052,0.51,Premium,F,SI,5.26,5.24
702,0.32,Ideal,E,VS,4.38,4.43
561,0.32,Ideal,G,VS,4.37,4.4
8127,1.5,Very Good,I,SI,7.46,7.43
839,0.41,Very Good,H,VVS,4.75,4.87
8831,1.55,Ideal,I,VS,7.35,7.41
695,0.31,Ideal,G,VS,4.38,4.34
3909,0.9,Very Good,G,SI,6.2,6.24
1056,0.43,Ideal,D,VS,4.81,4.86
3089,0.73,Ideal,G,SI,5.81,5.85
958,0.5,Premium,H,SI,5.14,5.05
4184,1,Good,E,SI,6.45,6.5
10609,1.23,Very Good,F,VS,6.98,7.01
3382,0.92,Good,I,SI,6.14,6.18
1172,0.4,Ideal,D,VS,4.72,4.74
16052,1.56,Ideal,G,VS,7.48,7.44
3796,0.91,Good,D,SI,6.06,6.09
1429,0.55,Ideal,G,SI,5.3,5.36
561,0.32,Premium,G,VS,4.36,4.39
3808,0.96,Premium,I,VS,6.47,6.4
10584,1.5,Very Good,H,VS,7.29,7.25
3459,0.72,Premium,D,VVS,5.92,5.84
1956,0.53,Ideal,D,VS,5.17,5.14
6223,1,Good,F,VS,6.32,6.36
489,0.31,Ideal,H,VS,4.36,4.39
4689,1.13,Very Good,H,SI,6.65,6.62
2863,0.71,Premium,D,SI,5.8,5.68
1832,0.53,Ideal,F,VS,5.23,5.21
10226,1.37,Very Good,G,VS,7.3,7.35
1050,0.4,Premium,G,VVS,4.76,4.73
2724,0.56,Very Good,E,IF,5.31,5.38
1682,0.55,Good,F,VS,5.3,5.35
571,0.35,Ideal,I,VS,4.54,4.57
436,0.31,Ideal,I,SI,4.37,4.4
4719,1.01,Very Good,G,SI,6.5,6.59
605,0.3,Very Good,G,VS,4.24,4.3
9593,1.52,Very Good,J,VVS,7.26,7.33
6787,1.01,Premium,E,VS,6.39,6.36
12987,2,Premium,E,SI,8.15,8.08
5363,1.26,Ideal,I,SI,7,6.94
2999,0.7,Premium,G,VVS,5.74,5.66
2838,0.7,Premium,F,VS,5.85,5.75
6129,1.2,Premium,H,SI,6.91,6.78
9640,1.51,Very Good,I,VS,7.34,7.28
1081,0.31,Ideal,H,IF,4.42,4.4
1694,0.52,Premium,E,VS,5.16,5.14
2527,0.73,Ideal,F,SI,5.88,5.86
2886,0.73,Ideal,E,SI,5.79,5.81
4123,1.13,Fair,J,SI,6.49,6.56
1321,0.51,Ideal,G,SI,5.11,5.17
5676,1.28,Ideal,H,SI,7,6.97
6653,1.1,Premium,G,VS,6.75,6.71
3755,0.77,Ideal,D,VS,5.9,5.84
4227,1.02,Fair,F,SI,6.59,6.51
17182,2.03,Ideal,G,SI,8.16,8.21
2573,0.7,Ideal,G,VS,5.74,5.69
4234,0.9,Premium,H,VS,6.32,6.28
11338,1.52,Very Good,G,VS,7.32,7.27
3890,0.9,Very Good,H,VS,6.18,6.22
653,0.31,Good,D,VS,4.32,4.34
650,0.3,Ideal,H,VVS,4.25,4.28
7415,1.04,Ideal,G,VS,6.59,6.54
4838,1.2,Premium,I,SI,6.82,6.77
4844,1.01,Fair,E,SI,6.13,6.19
1076,0.41,Ideal,G,VVS,4.77,4.76
603,0.3,Premium,F,SI,4.37,4.3
4770,0.9,Good,F,VS,6.04,6.1
5576,1.11,Very Good,J,VS,6.8,6.77
7869,1.2,Ideal,H,VS,6.77,6.82
5331,1.19,Ideal,I,SI,6.73,6.69
3454,0.78,Ideal,D,SI,5.91,5.94
670,0.3,Ideal,E,VS,4.28,4.31
4395,1.09,Premium,H,SI,6.63,6.58
11119,2.34,Very Good,H,I,8.44,8.51
1433,0.43,Premium,E,VVS,4.92,4.96
1123,0.4,Ideal,G,VVS,4.74,4.78
480,0.27,Ideal,H,VS,4.16,4.19
4078,1.03,Ideal,I,SI,6.49,6.53
5152,1,Premium,F,SI,6.39,6.34
6973,1.36,Ideal,J,VVS,7.16,7.13
1609,0.55,Ideal,E,SI,5.24,5.28
599,0.26,Very Good,E,VVS,4.06,4.08
462,0.31,Very Good,D,SI,4.3,4.34
8283,1.41,Very Good,H,SI,7.08,7.14
5247,1.2,Very Good,F,SI,6.7,6.77
1041,0.3,Ideal,F,VVS,4.32,4.34
994,0.5,Fair,F,SI,5.01,4.91
619,0.36,Ideal,D,SI,4.58,4.63
3002,0.73,Fair,F,VS,5.92,5.88
3005,0.75,Very Good,E,SI,5.85,5.9
978,0.52,Good,I,SI,5.05,5.1
911,0.3,Ideal,D,VS,4.31,4.28
815,0.29,Very Good,F,IF,4.35,4.37
2234,0.7,Very Good,G,SI,5.68,5.71
1650,0.54,Premium,D,SI,5.21,5.12
6970,1.09,Ideal,H,SI,6.61,6.64
1245,0.53,Ideal,H,SI,5.24,5.28
1635,0.5,Good,D,VS,5.04,5.09
6368,1.04,Ideal,H,VS,6.5,6.52
5395,1.25,Ideal,I,SI,6.92,6.99
9618,1.71,Ideal,H,VS,7.67,7.61
1721,0.53,Ideal,E,VS,5.19,5.22
901,0.31,Ideal,F,IF,4.34,4.38
4116,1.05,Premium,G,SI,6.57,6.53
4602,1.06,Ideal,H,SI,6.64,6.61
4830,1.07,Ideal,H,SI,6.51,6.56
1114,0.33,Ideal,G,VVS,4.45,4.42
8690,1.71,Very Good,J,SI,7.58,7.64
505,0.32,Ideal,H,VS,4.4,4.44
653,0.42,Very Good,E,SI,4.86,4.9
1429,0.52,Ideal,E,SI,5.15,5.11
645,0.32,Ideal,G,VS,4.42,4.45
10680,1.7,Very Good,I,SI,7.52,7.58
687,0.3,Ideal,G,VVS,4.26,4.3
4580,0.94,Premium,E,SI,6.44,6.37
1037,0.43,Good,H,VVS,4.84,4.9
4496,1,Premium,E,SI,6.34,6.41
9714,1.76,Ideal,I,SI,7.79,7.76
7217,1.33,Ideal,H,SI,7.04,6.99
8427,1.5,Very Good,J,VVS,7.28,7.25
1998,0.79,Premium,H,SI,5.98,5.94
3068,0.7,Very Good,E,VS,5.63,5.66
1668,0.55,Ideal,E,SI,5.27,5.23
2573,0.84,Premium,G,SI,6.01,5.98
575,0.25,Very Good,F,VVS,4.02,4.05
6742,1.47,Premium,I,SI,7.34,7.24
8690,1.71,Premium,J,SI,7.63,7.7
3710,0.71,Ideal,F,VS,5.72,5.75
1040,0.42,Ideal,D,SI,4.81,4.77
4596,0.76,Ideal,F,IF,5.95,5.96
438,0.3,Ideal,I,VS,4.32,4.35
6372,1.29,Ideal,I,SI,6.97,7.03
6917,1.15,Premium,H,VVS,6.9,6.87
2878,0.79,Very Good,D,SI,6,6.07
11572,1.21,Ideal,G,VVS,6.83,6.89
14242,1.5,Very Good,F,VS,7.33,7.36
4040,1.13,Premium,E,SI,6.83,6.78
3514,0.81,Ideal,H,SI,5.92,5.97
3283,0.72,Ideal,E,VS,5.74,5.77
5849,1.03,Premium,H,VS,6.55,6.52
574,0.34,Premium,F,SI,4.58,4.55
1951,0.69,Very Good,F,SI,5.59,5.66
2065,0.62,Premium,F,VS,5.5,5.47
854,0.33,Ideal,G,VS,4.45,4.41
666,0.33,Very Good,F,VS,4.45,4.5
1303,0.61,Good,I,VS,5.42,5.46
4405,1.15,Very Good,I,SI,6.69,6.73
2968,0.71,Premium,D,VS,5.88,5.85
461,0.24,Very Good,F,VS,4.02,4.07
1669,0.54,Ideal,F,SI,5.22,5.23
970,0.39,Ideal,F,VS,4.69,4.73
1833,0.52,Very Good,G,VVS,5.08,5.11
552,0.35,Premium,I,VS,4.52,4.58
5715,1.27,Very Good,H,SI,6.97,7
817,0.36,Ideal,F,VVS,4.58,4.61
12923,1.98,Fair,H,VS,8.28,8.17
2188,0.71,Very Good,H,SI,5.72,5.76
1063,0.35,Ideal,D,VS,4.52,4.48
4956,1,Ideal,D,SI,6.45,6.41
5390,1.21,Ideal,J,SI,6.79,6.84
625,0.31,Premium,F,VS,4.29,4.34
1076,0.41,Ideal,G,VVS,4.8,4.83
429,0.31,Ideal,J,VS,4.34,4.36
4029,0.71,Ideal,D,VS,5.72,5.76
6998,1.01,Good,D,VS,6.28,6.35
710,0.3,Ideal,E,VS,4.33,4.36
4103,0.9,Very Good,F,SI,6.17,6.12
4214,1.13,Premium,J,SI,6.77,6.67
9808,1.07,Very Good,F,VVS,6.57,6.65
4118,1.01,Ideal,I,VS,6.43,6.38
7168,1,Premium,E,VS,6.25,6.22
1761,0.56,Ideal,F,VS,5.28,5.3
833,0.38,Premium,G,VS,4.67,4.71
5836,1.24,Very Good,I,VS,6.82,6.87
3605,0.79,Ideal,E,VS,5.91,5.94
1170,0.48,Premium,F,SI,5.05,5
5315,1.11,Premium,H,SI,6.63,6.56
14323,2,Ideal,J,VS,8.08,8.13
470,0.27,Ideal,D,VS,4.19,4.21
2167,0.61,Ideal,G,VS,5.42,5.44
6047,1,Premium,F,VS,6.45,6.36
800,0.32,Ideal,F,VVS,4.37,4.39
447,0.3,Good,D,SI,4.26,4.3
791,0.41,Very Good,D,SI,4.7,4.75
3787,0.9,Fair,F,SI,6.01,6.06
17716,2,Premium,I,VS,8.11,8.04
5027,1.12,Premium,I,VS,6.63,6.68
1758,0.51,Ideal,E,VS,5.11,5.16
435,0.31,Very Good,H,SI,4.36,4.39
485,0.24,Very Good,E,VVS,3.94,3.96
1144,0.56,Very Good,H,SI,5.4,5.43
1786,0.54,Ideal,D,SI,5.25,5.21
756,0.32,Ideal,D,SI,4.42,4.37
1026,0.38,Ideal,F,VS,4.66,4.63
3886,1.05,Premium,E,SI,6.51,6.44
2213,0.7,Very Good,H,SI,5.62,5.66
1158,0.4,Ideal,E,VVS,4.74,4.76
948,0.42,Ideal,D,VS,4.76,4.8
844,0.3,Ideal,E,VS,4.29,4.24
3210,0.79,Ideal,F,SI,5.98,6.05
1176,0.38,Ideal,E,VVS,4.72,4.67
2122,0.71,Ideal,H,SI,5.68,5.76
8736,1.25,Premium,G,VS,7.03,6.92
1123,0.4,Ideal,G,VVS,4.72,4.76
4250,1.12,Premium,H,SI,6.63,6.58
4961,1,Good,F,SI,6.55,6.58
1235,0.42,Ideal,D,VS,4.82,4.78
478,0.24,Very Good,E,VVS,4.12,4.13
9921,1.23,Ideal,G,VVS,6.8,6.87
4493,0.9,Good,F,VS,6.1,6.14
5509,1.16,Ideal,H,SI,6.78,6.79
814,0.3,Ideal,D,VVS,4.3,4.32
10796,1.7,Good,I,SI,7.72,7.77
9298,1.39,Ideal,H,VVS,7.23,7.25
12842,2.06,Premium,I,SI,8.3,8.24
4643,1.35,Ideal,G,I,7.04,7.01
1926,0.48,Ideal,F,VVS,4.99,5.04
5219,1.09,Ideal,H,SI,6.61,6.58
8574,1.51,Ideal,I,SI,7.31,7.27
7326,1.11,Ideal,E,VS,6.59,6.66
608,0.28,Very Good,E,VVS,4.31,4.34
5050,1.13,Ideal,H,SI,6.73,6.66
5559,1.01,Premium,F,SI,6.54,6.49
2657,0.7,Good,E,VS,5.46,5.54
3531,0.91,Very Good,G,SI,6.27,6.32
15032,2.19,Premium,I,SI,8.34,8.38
7797,1.19,Premium,G,VS,6.86,6.81
4204,1,Good,F,SI,6.32,6.36
7433,1.52,Fair,H,SI,7.24,7.19
2737,0.72,Ideal,F,SI,5.78,5.82
988,0.39,Ideal,F,VVS,4.7,4.73
1056,0.37,Ideal,G,IF,4.63,4.66
2581,0.73,Ideal,E,SI,5.88,5.86
710,0.3,Ideal,D,VS,4.3,4.33
702,0.32,Premium,E,VS,4.38,4.41
1318,0.53,Premium,D,SI,5.29,5.26
3665,1.01,Good,J,SI,6.44,6.36
1660,0.52,Good,E,VS,5.16,5.09
4727,1.01,Very Good,D,SI,6.43,6.49
4702,1.14,Premium,H,SI,6.77,6.8
4137,0.9,Premium,G,VS,6.19,6.14
844,0.38,Ideal,F,SI,4.7,4.74
526,0.3,Very Good,E,SI,4.23,4.28
8580,1.5,Very Good,G,SI,7.33,7.36
675,0.3,Ideal,G,VS,4.35,4.31
3756,1.01,Good,J,SI,6.42,6.46
6184,1.22,Premium,H,VS,6.82,6.81
3276,0.9,Premium,I,VS,6.35,6.29
3713,1.02,Ideal,H,SI,6.4,6.34
7473,1.11,Ideal,F,VS,6.65,6.67
9896,1.26,Premium,F,VS,6.86,6.93
625,0.31,Ideal,G,VS,4.36,4.38
2718,0.91,Ideal,F,SI,6.19,6.17
2125,0.7,Fair,E,SI,5.49,5.41
1640,0.51,Very Good,E,VS,5.13,5.07
10300,1.52,Premium,I,VS,7.51,7.44
16235,2.06,Ideal,G,SI,8.13,8.04
17820,2.16,Ideal,H,SI,8.3,8.38
4309,0.9,Good,F,VS,6.06,6.11
638,0.41,Very Good,D,SI,4.72,4.75
9621,1.37,Ideal,H,VVS,7.13,7.2
2879,1.02,Ideal,J,SI,6.53,6.5
720,0.32,Ideal,G,VS,4.41,4.39
3992,0.9,Good,F,SI,6.09,6.06
12830,1.72,Ideal,G,VS,7.65,7.58
872,0.36,Very Good,F,VVS,4.58,4.6
1433,0.57,Very Good,G,SI,5.32,5.35
949,0.4,Premium,E,VS,4.79,4.68
1061,0.41,Premium,G,VS,4.83,4.81
764,0.3,Ideal,H,IF,4.31,4.33
3127,0.73,Premium,E,VS,5.79,5.75
17216,1.41,Premium,D,VVS,7.28,7.23
4427,1.04,Very Good,F,SI,6.5,6.57
11263,1.51,Fair,H,VS,7.63,7.57
15851,1.5,Ideal,F,VS,7.34,7.3
6480,1.01,Very Good,E,VS,6.34,6.4
936,0.32,Ideal,G,VVS,4.38,4.34
1924,0.44,Ideal,E,VVS,4.91,4.94
798,0.35,Premium,H,VVS,4.51,4.57
2327,0.74,Very Good,I,VS,5.83,5.85
1008,0.39,Ideal,G,VS,4.66,4.69
3376,0.71,Ideal,E,SI,5.73,5.77
11255,1.51,Ideal,G,SI,7.3,7.27
1131,0.54,Good,H,SI,5.31,5.22
1841,0.55,Ideal,G,VS,5.27,5.31
3759,0.72,Ideal,F,VS,5.79,5.87
1571,0.52,Ideal,E,VS,5.16,5.22
1207,0.43,Ideal,D,VS,4.85,4.87
603,0.37,Ideal,I,VS,4.62,4.66
1346,0.57,Very Good,F,SI,5.32,5.37
2815,0.55,Very Good,D,VVS,5.23,5.27
6535,2.21,Premium,H,I,8.31,8.27
3484,1.01,Good,I,VS,6.35,6.27
2298,0.7,Ideal,H,SI,5.67,5.72
15392,2.07,Premium,I,SI,8.35,8.31
558,0.25,Premium,E,VS,4.13,4.11
7187,1.5,Fair,H,SI,7.14,7.11
1904,0.5,Very Good,G,VVS,5.05,5.09
942,0.31,Ideal,D,VS,4.35,4.34
7773,1.49,Very Good,G,SI,7.2,7.26
896,0.52,Ideal,J,SI,5.15,5.17
494,0.32,Ideal,J,VVS,4.41,4.43
4989,1.01,Good,F,SI,6.58,6.51
1810,0.51,Ideal,G,VVS,5.09,5.14
687,0.4,Very Good,E,SI,4.68,4.72
576,0.32,Premium,H,SI,4.41,4.38
4331,1.05,Ideal,H,SI,6.54,6.59
5739,1.22,Premium,D,SI,6.84,6.8
6931,1.03,Very Good,G,VS,6.5,6.54
764,0.3,Ideal,H,IF,4.36,4.37
928,0.33,Ideal,E,VS,4.47,4.45
5019,0.71,Ideal,F,VVS,5.75,5.78
2868,0.72,Ideal,I,VS,5.72,5.75
647,0.34,Ideal,H,SI,4.53,4.55
2568,0.6,Ideal,H,VVS,5.44,5.47
15797,1.7,Premium,G,VS,7.8,7.85
4138,0.91,Premium,E,SI,6.23,6.19
7507,1.01,Premium,F,VS,6.43,6.4
1155,0.44,Ideal,D,VS,4.95,4.91
847,0.42,Ideal,G,VS,4.79,4.84
4656,1.08,Premium,E,SI,6.57,6.62
911,0.3,Premium,D,VS,4.27,4.22
791,0.4,Very Good,E,VS,4.7,4.73
863,0.3,Ideal,G,IF,4.32,4.35
1000,0.41,Ideal,G,VVS,4.76,4.79
6086,1.19,Very Good,H,VS,6.81,6.83
924,0.31,Ideal,G,IF,4.34,4.38
631,0.33,Very Good,G,SI,4.44,4.39
815,0.37,Ideal,H,VVS,4.63,4.66
12465,1.28,Ideal,E,VS,6.94,6.99
4232,1.07,Good,F,SI,6.64,6.68
936,0.32,Premium,G,VVS,4.41,4.39
893,0.33,Ideal,F,VVS,4.45,4.48
1689,0.52,Ideal,E,VS,5.2,5.27
873,0.41,Good,D,VS,4.74,4.79
6830,1.32,Good,E,SI,6.96,6.88
4478,1.12,Very Good,G,SI,6.7,6.63
882,0.42,Premium,G,SI,4.85,4.82
10787,1.26,Ideal,G,VVS,7.02,6.98
579,0.33,Premium,E,SI,4.43,4.47
4969,1.11,Ideal,E,SI,6.7,6.74
608,0.3,Very Good,I,VS,4.23,4.2
776,0.3,Premium,H,VVS,4.37,4.34
4207,1.02,Good,H,SI,6.37,6.43
758,0.32,Ideal,D,VS,4.37,4.41
2128,0.54,Very Good,G,IF,5.19,5.27
1061,0.41,Good,J,IF,4.75,4.72
886,0.3,Ideal,F,IF,4.29,4.32
1584,0.55,Ideal,H,SI,5.3,5.33
3415,0.76,Very Good,E,VS,5.84,5.89
10615,1.03,Ideal,F,IF,6.45,6.46
2507,0.7,Very Good,G,VS,5.67,5.78
3045,0.71,Very Good,F,VS,5.73,5.77
2973,0.81,Very Good,E,SI,6.05,6.09
3061,0.7,Very Good,E,VS,5.72,5.77
8674,1.52,Fair,H,VS,7.33,7.13
1024,0.42,Ideal,E,VS,4.82,4.8
4887,1.01,Ideal,I,VS,6.52,6.54
16323,2.02,Premium,G,SI,8.07,7.96
1113,0.57,Ideal,I,SI,5.36,5.38
2367,0.62,Very Good,H,IF,5.52,5.55
2041,0.54,Ideal,D,VS,5.25,5.23
988,0.51,Ideal,J,VS,5.14,5.18
13250,1.73,Ideal,I,VS,7.7,7.65
2854,1.12,Premium,H,I,6.78,6.75
1225,0.56,Premium,F,SI,5.44,5.38
1246,0.54,Ideal,E,SI,5.27,5.33
3669,0.9,Good,G,SI,6.08,6.05
7808,1.13,Ideal,G,VS,6.7,6.75
5773,1.1,Premium,E,SI,6.62,6.55
745,0.37,Ideal,G,SI,4.62,4.64
7098,1.5,Premium,G,SI,7.34,7.28
742,0.3,Ideal,D,VS,4.27,4.3
10362,1.57,Ideal,E,SI,7.44,7.52
818,0.41,Very Good,E,SI,4.73,4.69
17329,1.58,Ideal,G,IF,7.45,7.51
2262,0.74,Very Good,G,SI,5.71,5.76
5091,1.16,Ideal,I,SI,6.71,6.67
1895,0.51,Very Good,G,VVS,5.09,5.06
3451,1.02,Ideal,J,VVS,6.45,6.37
2318,0.72,Premium,G,SI,5.8,5.74
672,0.35,Premium,E,SI,4.59,4.56
394,0.3,Good,J,VS,4.23,4.26
2175,0.7,Very Good,G,SI,5.64,5.67
741,0.33,Very Good,F,VS,4.35,4.39
506,0.3,Premium,J,VS,4.3,4.26
6779,1.07,Premium,G,VS,6.54,6.55
7575,1.01,Very Good,D,VS,6.34,6.3
4574,1.01,Good,H,SI,6.35,6.41
736,0.3,Ideal,E,VS,4.3,4.34
5143,1.06,Ideal,H,SI,6.56,6.49
1073,0.49,Premium,F,SI,5.09,5.04
2088,0.58,Ideal,F,VS,5.38,5.32
15992,2.07,Premium,I,SI,8.16,8.12
450,0.33,Premium,J,VS,4.53,4.49
1115,0.41,Ideal,F,VVS,4.78,4.8
9077,1.07,Ideal,D,VS,6.55,6.58
842,0.32,Very Good,G,VVS,4.37,4.4
7553,1.08,Ideal,G,VS,6.62,6.65
11588,1.44,Premium,G,VS,7.21,7.09
3340,0.92,Good,F,SI,6.11,6.14
7903,1.2,Ideal,D,SI,6.79,6.71
1153,0.41,Premium,E,VS,4.83,4.79
1138,0.52,Premium,H,SI,5.2,5.15
825,0.32,Ideal,E,VS,4.37,4.4
1624,0.5,Ideal,E,VS,5.11,5.14
13111,1.13,Very Good,D,VVS,6.64,6.67
1000,0.38,Ideal,E,VS,4.65,4.67
12210,2,Ideal,E,SI,8.04,7.94
2676,0.7,Very Good,G,VS,5.66,5.69
961,0.34,Ideal,D,VS,4.52,4.49
10473,1.53,Very Good,H,SI,7.3,7.34
5807,1.22,Ideal,I,SI,6.96,6.9
651,0.31,Premium,E,SI,4.38,4.34
1063,0.35,Ideal,D,VS,4.55,4.5
1604,0.55,Ideal,G,VS,5.28,5.31
1930,0.56,Premium,E,VS,5.23,5.28
3193,0.7,Good,D,VS,5.68,5.74
489,0.31,Premium,I,VS,4.4,4.45
827,0.41,Ideal,G,VS,4.75,4.78
2665,0.7,Ideal,F,SI,5.83,5.75
6706,1.08,Ideal,G,VS,6.62,6.59
2376,1.2,Fair,I,I,6.57,6.05
4363,0.85,Ideal,E,SI,6.07,6.1
1237,0.53,Very Good,G,SI,5.21,5.34
991,0.41,Very Good,H,VVS,4.82,4.86
1857,0.53,Ideal,D,VS,5.17,5.23
10346,1.6,Very Good,I,VS,7.61,7.68
4565,1.09,Ideal,J,SI,6.61,6.67
3971,1.01,Good,H,SI,6.23,6.31
4789,1.24,Very Good,J,SI,6.77,6.83
9116,1.71,Premium,I,VS,7.74,7.54
581,0.38,Very Good,I,SI,4.65,4.68
11206,1.52,Ideal,H,VS,7.49,7.41
487,0.37,Very Good,F,SI,4.6,4.7
2298,0.56,Ideal,G,IF,5.31,5.33
2662,0.7,Ideal,F,SI,5.72,5.75
3801,1.01,Fair,I,VS,6.29,6.2
741,0.33,Premium,E,VVS,4.44,4.47
737,0.39,Good,I,VS,4.68,4.61
1944,0.54,Fair,F,SI,5.11,5.05
827,0.41,Ideal,H,VS,4.77,4.81
544,0.31,Ideal,H,VS,4.3,4.37
15840,2,Very Good,E,SI,8.25,8.32
10853,1.7,Ideal,F,SI,7.73,7.65
907,0.31,Ideal,G,VVS,4.35,4.32
1819,0.56,Premium,G,VS,5.26,5.3
1229,0.4,Ideal,G,IF,4.73,4.76
3247,0.71,Ideal,E,VS,5.7,5.75
3471,0.8,Very Good,F,VS,5.86,5.92
14445,1.7,Good,G,VS,7.53,7.64
810,0.41,Ideal,G,SI,4.84,4.81
1387,0.51,Very Good,D,SI,5.08,5.03
1597,0.7,Premium,F,SI,5.78,5.68
3398,0.81,Ideal,G,VS,5.98,6
14215,2.3,Ideal,H,SI,8.4,8.35
2554,0.59,Very Good,F,IF,5.31,5.36
1039,0.4,Ideal,F,VVS,4.75,4.72
363,0.31,Very Good,J,SI,4.28,4.32
1636,0.58,Very Good,I,VVS,5.29,5.34
1014,0.34,Ideal,G,IF,4.47,4.48
4937,1.29,Very Good,G,SI,6.84,6.8
1920,0.51,Ideal,H,IF,5.1,5.13
10729,1.53,Premium,I,VS,7.3,7.34
7118,1.07,Very Good,F,VS,6.57,6.59
552,0.3,Good,D,SI,4.26,4.29
3664,0.91,Ideal,G,SI,6.18,6.22
5376,1.2,Premium,H,SI,6.81,6.76
759,0.44,Premium,H,SI,5.05,4.99
7103,1.51,Ideal,G,SI,7.37,7.31
1188,0.44,Ideal,G,SI,4.88,4.94
999,0.41,Ideal,E,VS,4.79,4.76
1151,0.41,Ideal,D,VS,4.78,4.82
10439,1.16,Ideal,F,VVS,6.7,6.78
558,0.31,Premium,H,SI,4.34,4.31
4940,0.9,Ideal,E,SI,6.21,6.24
558,0.31,Premium,I,VS,4.37,4.34
1397,0.4,Premium,G,IF,4.85,4.79
1013,0.36,Premium,E,VS,4.59,4.54
10905,1.55,Premium,D,SI,7.39,7.44
9513,1.51,Very Good,I,VS,7.34,7.25
5962,1.21,Premium,I,VS,6.82,6.79
4511,0.93,Ideal,E,SI,6.26,6.31
1004,0.39,Ideal,E,VS,4.68,4.7
8040,1.2,Ideal,G,VS,6.79,6.85
579,0.33,Good,E,SI,4.41,4.43
8924,1,Premium,F,VVS,6.56,6.52
2697,0.72,Very Good,D,VS,5.74,5.77
11389,1.71,Very Good,I,VS,7.53,7.45
2735,0.71,Premium,E,VS,5.7,5.66
6751,1.03,Ideal,F,VS,6.48,6.43
4278,1.07,Premium,G,SI,6.7,6.65
363,0.31,Premium,J,SI,4.36,4.38
7536,1.3,Premium,H,VS,6.92,6.95
16171,1.98,Premium,I,VS,7.95,7.99
1575,0.5,Ideal,E,VS,5.09,5.13
6486,1.05,Ideal,G,VS,6.52,6.56
8530,1.29,Premium,G,VS,7.02,6.97
4675,1.02,Ideal,E,SI,6.51,6.45
926,0.42,Very Good,F,SI,4.78,4.75
1699,0.5,Premium,E,VS,5.13,5.09
990,0.4,Ideal,D,SI,4.78,4.74
743,0.33,Premium,H,VS,4.47,4.44
1449,0.5,Ideal,G,VS,5.08,5.11
2803,0.91,Ideal,D,SI,6.21,6.15
3159,0.78,Ideal,E,VS,5.92,5.94
4391,1.21,Premium,I,SI,6.86,6.76
532,0.32,Ideal,E,SI,4.4,4.42
3105,0.72,Premium,F,VVS,5.78,5.72
1033,0.34,Ideal,E,VS,4.52,4.48
8024,1.02,Ideal,F,VS,6.45,6.52
2426,0.74,Very Good,H,SI,5.71,5.76
505,0.23,Very Good,E,VVS,3.9,3.95
625,0.31,Very Good,G,VS,4.3,4.35
942,0.31,Ideal,D,VS,4.32,4.29
737,0.3,Very Good,F,VVS,4.25,4.28
6132,1.01,Ideal,E,SI,6.47,6.52
4909,1.01,Premium,D,SI,6.5,6.46
1388,0.52,Good,E,SI,5.12,5.15
472,0.23,Very Good,D,VVS,4.01,4.02
3704,0.9,Premium,F,SI,6.2,6.11
2036,0.76,Very Good,J,VS,6.12,5.93
405,0.3,Good,I,SI,4.25,4.29
1574,0.51,Premium,D,SI,5.18,5.14
11924,1.7,Ideal,E,SI,7.73,7.83
8057,1.51,Very Good,J,VS,7.3,7.38
1182,0.6,Ideal,I,SI,5.43,5.46
2294,0.7,Ideal,H,SI,5.64,5.69
4772,1.15,Premium,H,SI,6.87,6.78
806,0.33,Ideal,E,VS,4.46,4.49
726,0.34,Ideal,F,VS,4.48,4.51
2676,0.91,Good,I,SI,5.98,6.05
9707,1.59,Premium,G,SI,7.51,7.45
6303,1.2,Ideal,I,VS,6.83,6.86
4598,0.9,Very Good,E,VS,6.11,6.18
7727,1.54,Premium,I,SI,7.56,7.49
4412,1.01,Premium,F,SI,6.38,6.34
5215,1.36,Very Good,J,SI,7,7.12
4535,1.13,Ideal,H,SI,6.73,6.69
2241,0.83,Ideal,J,VS,6.08,6.03
1835,0.59,Ideal,D,SI,5.44,5.41
725,0.3,Very Good,G,VVS,4.32,4.35
1696,0.54,Ideal,H,VVS,5.25,5.27
571,0.36,Ideal,G,SI,4.58,4.62
4490,0.79,Premium,E,VVS,5.89,5.8
4471,1.02,Premium,G,SI,6.4,6.43
2846,0.7,Ideal,E,SI,5.71,5.76
905,0.43,Ideal,I,VVS,4.81,4.84
4114,0.7,Ideal,F,VVS,5.7,5.74
15231,1.02,Premium,D,IF,6.45,6.52
5804,1,Very Good,F,SI,6.38,6.43
491,0.3,Ideal,H,VS,4.31,4.36
9012,1.01,Good,F,VVS,6.33,6.39
2259,0.71,Very Good,H,SI,5.63,5.67
1003,0.44,Ideal,E,VS,4.9,4.92
1133,0.47,Very Good,G,SI,4.96,4.93
3489,0.9,Good,G,SI,6.04,6.12
4800,0.63,Very Good,D,IF,5.55,5.59
565,0.31,Ideal,D,SI,4.37,4.41
645,0.32,Very Good,F,VS,4.38,4.41
2935,0.8,Premium,H,VS,5.92,5.86
4318,1.08,Premium,G,SI,6.64,6.61
2415,0.75,Premium,G,SI,5.88,5.84
652,0.3,Ideal,F,VS,4.33,4.34
3823,1.01,Good,J,VS,6.29,6.33
4156,0.9,Good,H,VS,6.15,6.24
3507,1.01,Premium,F,SI,6.47,6.42
5407,1.21,Good,H,SI,6.72,6.63
1699,0.5,Premium,E,VS,5.13,5.11
1337,0.5,Very Good,H,VS,5.03,5.12
14857,2.07,Ideal,I,SI,8.12,8.23
2484,0.6,Fair,F,VVS,5.48,5.44
4115,0.91,Fair,H,VVS,6.38,6.4
1079,0.54,Very Good,I,SI,5.2,5.24
1197,0.5,Very Good,G,SI,5.06,5.1
969,0.41,Ideal,E,SI,4.77,4.74
5818,1.2,Good,I,VS,6.65,6.74
4718,1.02,Very Good,G,SI,6.41,6.37
6271,1.01,Premium,F,VS,6.59,6.51
1607,0.53,Ideal,E,VS,5.17,5.21
432,0.3,Very Good,H,SI,4.24,4.28
2018,0.5,Ideal,F,VVS,5.06,5.07
6078,1.33,Fair,G,SI,6.9,6.87
1749,0.7,Premium,H,SI,5.67,5.62
3780,0.72,Ideal,F,VVS,5.83,5.77
4078,0.9,Ideal,D,SI,6.16,6.24
6683,1.12,Ideal,G,VS,6.74,6.69
3669,0.9,Good,G,SI,6.12,6.09
13338,1.99,Good,J,VS,7.91,8.06
10483,1.6,Premium,E,SI,7.61,7.55
4879,1.32,Premium,H,SI,7.21,7.09
1911,0.52,Ideal,G,VVS,5.17,5.19
4781,1.01,Good,G,SI,6.24,6.31
1792,0.77,Premium,J,VS,5.86,5.8
692,0.34,Ideal,E,VS,4.45,4.48
1411,0.5,Very Good,H,VS,5.12,5.16
1237,0.5,Ideal,G,SI,5.06,5.08
5322,1,Premium,G,VS,6.39,6.33
3538,0.81,Ideal,E,VS,5.99,5.97
7508,1.2,Ideal,D,SI,6.76,6.83
1355,0.57,Ideal,I,VS,5.33,5.35
3107,0.76,Premium,E,VS,5.79,5.76
3581,0.9,Very Good,G,SI,6.19,6.23
11463,2.02,Premium,J,SI,7.98,8.1
557,0.33,Premium,I,SI,4.54,4.5
7961,1.09,Ideal,G,VS,6.61,6.65
552,0.3,Premium,D,SI,4.26,4.29
920,0.33,Very Good,D,VVS,4.39,4.46
4641,1.12,Premium,H,SI,6.77,6.72
1247,0.42,Very Good,E,VS,4.8,4.83
4042,0.54,Ideal,D,VVS,5.24,5.26
891,0.31,Ideal,G,IF,4.35,4.37
681,0.33,Ideal,D,VS,4.43,4.47
15301,1.57,Ideal,G,VS,7.53,7.6
566,0.27,Very Good,G,VVS,4.21,4.23
1708,0.51,Ideal,E,VS,5.17,5.24
5291,1.1,Ideal,I,VS,6.68,6.63
557,0.31,Ideal,I,VVS,4.37,4.4
8454,1.03,Ideal,G,VVS,6.39,6.47
1791,0.5,Good,G,VVS,5.06,5.02
3649,0.9,Very Good,G,SI,6.09,6.12
5777,1.01,Very Good,E,VS,6.41,6.45
3898,0.91,Premium,E,SI,6.16,6.13
16643,2.38,Premium,H,SI,8.81,8.78
8224,1.5,Ideal,H,VVS,7.37,7.28
10080,1.5,Premium,I,VS,7.3,7.25
10752,1,Premium,D,VVS,6.34,6.28
11234,2.06,Ideal,J,SI,8.19,8.23
367,0.3,Ideal,I,SI,4.32,4.34
1063,0.35,Ideal,D,VS,4.54,4.52
1844,0.7,Premium,J,SI,5.65,5.6
574,0.3,Very Good,D,SI,4.24,4.21
6569,1.02,Very Good,G,VS,6.45,6.48
7826,1.21,Very Good,F,VS,6.73,6.67
4455,1.08,Ideal,H,SI,6.71,6.74
6779,1.25,Ideal,D,SI,6.9,6.93
485,0.24,Very Good,E,VVS,3.97,4.01
16641,2.05,Very Good,J,VS,8.13,8.16
14150,2.01,Very Good,H,SI,8.02,7.97
2239,0.97,Ideal,I,I,6.4,6.43
5164,1.16,Premium,F,SI,6.76,6.71
5884,1.2,Very Good,I,VS,6.83,6.88
5554,1.16,Premium,H,SI,6.84,6.76
9333,1.24,Ideal,F,VS,6.89,6.87
2762,0.7,Very Good,F,VS,5.64,5.61
680,0.31,Ideal,E,VS,4.34,4.37
4725,1.1,Premium,I,SI,6.66,6.61
540,0.32,Premium,J,VS,4.46,4.42
10929,1.7,Premium,I,VS,7.6,7.55
882,0.38,Ideal,G,VS,4.64,4.68
1766,0.62,Premium,F,SI,5.56,5.51
1847,0.57,Premium,D,SI,5.36,5.34
1175,0.55,Ideal,F,SI,5.22,5.26
1333,0.4,Premium,G,IF,4.73,4.77
608,0.3,Premium,H,VS,4.29,4.25
1063,0.44,Premium,I,VVS,4.92,4.87
2964,0.9,Fair,J,VS,6.02,5.93
1607,0.53,Very Good,H,VS,5.16,5.13
918,0.32,Ideal,G,IF,4.41,4.44
461,0.32,Premium,H,SI,4.36,4.4
5303,1.01,Premium,H,VS,6.48,6.49
5021,1.39,Ideal,F,SI,7.2,7.15
10224,1.53,Premium,H,VS,7.49,7.52
1158,0.4,Ideal,E,VVS,4.74,4.79
1794,0.58,Premium,E,SI,5.38,5.33
4918,1.07,Ideal,H,SI,6.56,6.51
904,0.38,Good,E,VVS,4.59,4.61
3710,0.71,Ideal,F,VS,5.72,5.76
5014,1.14,Very Good,E,SI,6.71,6.78
6754,1.34,Premium,I,VS,7.07,7.04
11077,1.51,Very Good,H,VS,7.38,7.41
575,0.25,Very Good,E,VVS,4.07,4.14
1909,0.5,Premium,G,VVS,5.16,5.1
1637,0.54,Premium,H,VS,5.29,5.24
1822,0.52,Ideal,D,VS,5.16,5.2
765,0.34,Ideal,G,VS,4.53,4.48
844,0.38,Ideal,F,SI,4.7,4.72
4700,1.09,Premium,H,SI,6.61,6.55
8008,1,Premium,G,VVS,6.29,6.4
5450,1.11,Premium,H,VS,6.64,6.69
1608,0.56,Ideal,F,VS,5.28,5.32
739,0.35,Good,D,SI,4.69,4.64
2056,0.71,Good,H,SI,5.6,5.67
1453,0.54,Ideal,H,VS,5.25,5.28
4672,1.01,Very Good,G,SI,6.33,6.3
8936,1.5,Very Good,H,VS,7.32,7.37
8120,1.01,Premium,G,IF,6.35,6.31
3033,0.71,Very Good,D,VS,5.67,5.7
4258,1,Good,E,SI,6.35,6.43
1662,0.52,Ideal,G,VS,5.19,5.22
3161,0.71,Premium,D,VS,5.73,5.68
6632,1.02,Very Good,F,VS,6.56,6.6
4508,1.04,Very Good,F,SI,6.42,6.35
3524,0.7,Ideal,H,VVS,5.77,5.82
5708,1.04,Premium,D,SI,6.53,6.48
495,0.3,Ideal,I,VVS,4.25,4.3
1079,0.41,Ideal,E,VS,4.76,4.79
1114,0.33,Ideal,G,VVS,4.48,4.45
4121,1.01,Very Good,F,SI,6.44,6.48
4387,1.44,Premium,I,I,7.21,7.18
2098,1,Good,F,I,6.27,6.2
16198,2.42,Premium,J,SI,8.58,8.53
4279,0.91,Good,F,SI,6.1,6.17
1041,0.35,Ideal,G,IF,4.57,4.52
583,0.35,Good,F,SI,4.46,4.51
17460,2.2,Ideal,H,VS,8.41,8.38
1442,0.58,Ideal,D,SI,5.32,5.3
4268,0.9,Good,F,VS,6.03,6.07
1097,0.39,Ideal,E,VS,4.67,4.64
7655,1.34,Very Good,H,SI,7.04,7.09
4989,1.26,Very Good,J,SI,6.88,6.91
6061,1.11,Very Good,H,VS,6.61,6.53
12047,1.52,Premium,H,VS,7.46,7.39
1205,0.51,Premium,E,SI,5.22,5.19
596,0.34,Premium,G,VS,4.51,4.53
605,0.32,Premium,H,VS,4.35,4.33
683,0.41,Ideal,H,SI,4.77,4.81
984,0.33,Ideal,G,IF,4.42,4.46
5654,1.01,Very Good,D,SI,6.28,6.34
6568,1,Good,D,SI,6.41,6.45
2606,0.71,Very Good,E,SI,5.69,5.73
5194,1.06,Ideal,H,SI,6.62,6.58
804,0.32,Very Good,D,VVS,4.39,4.42
1323,0.5,Fair,D,SI,5,4.97
1170,0.39,Ideal,G,VVS,4.7,4.64
665,0.36,Premium,H,SI,4.65,4.61
2491,0.76,Premium,F,SI,5.83,5.74
3773,0.71,Ideal,E,VS,5.68,5.72
2610,0.71,Ideal,D,SI,5.74,5.78
11677,1.03,Very Good,D,VVS,6.39,6.43
574,0.34,Premium,G,SI,4.46,4.43
6059,1.03,Ideal,F,SI,6.51,6.55
10164,1.5,Very Good,I,VS,7.27,7.3
13653,1.5,Good,E,VS,7.18,7.16
6965,1.24,Premium,D,SI,6.91,6.87
1009,0.39,Premium,G,VS,4.7,4.67
1117,0.38,Premium,D,VS,4.77,4.72
6113,1.01,Good,D,VS,6.11,6.22
1767,0.51,Ideal,D,VS,5.21,5.2
5829,1,Good,F,VS,6.17,6.23
829,0.35,Premium,D,VS,4.53,4.58
1381,0.51,Premium,G,VS,5.17,5.2
6278,1.04,Premium,F,VS,6.62,6.56
868,0.33,Premium,G,VVS,4.46,4.5
911,0.3,Premium,E,VS,4.3,4.26
912,0.4,Ideal,E,VS,4.7,4.73
2259,0.55,Ideal,F,VVS,5.31,5.34
2039,0.7,Very Good,I,SI,5.64,5.68
731,0.3,Good,F,VS,4.28,4.26
1235,0.42,Premium,G,VVS,4.79,4.74
814,0.32,Ideal,H,IF,4.42,4.47
10809,1.16,Premium,F,VVS,6.9,6.77
9362,1.24,Ideal,G,VVS,6.88,6.92
3039,0.7,Very Good,G,VVS,5.67,5.7
2293,0.7,Premium,H,VS,5.71,5.66
1167,0.31,Premium,D,IF,4.39,4.42
18693,2.19,Ideal,D,SI,8.23,8.49
1927,0.62,Ideal,D,SI,5.48,5.5
3130,0.74,Ideal,G,SI,5.81,5.83
452,0.31,Ideal,I,VS,4.35,4.38
1197,0.42,Very Good,D,VVS,4.82,4.86
14428,2.01,Premium,I,SI,8.11,8.06
14842,1.32,Very Good,F,IF,6.97,7.01
7457,1.07,Very Good,G,VVS,6.55,6.59
2949,0.99,Fair,J,SI,6.57,6.5
15805,2.06,Very Good,G,SI,8.22,8.26
8392,1.31,Ideal,H,VS,7,6.98
1712,0.5,Ideal,D,VS,5.07,5.1
2391,0.77,Very Good,I,VS,5.86,5.7
2420,0.72,Ideal,I,VVS,5.73,5.78
1857,0.53,Ideal,D,VS,5.21,5.25
436,0.25,Very Good,E,VS,4.1,4.15
3783,0.73,Ideal,G,VVS,5.82,5.86
15993,2.53,Ideal,J,SI,8.78,8.74
8365,1.53,Premium,H,SI,7.34,7.31
13134,2,Premium,H,SI,8.13,8.1
15562,2.01,Premium,G,SI,8.19,8.15
14386,1.62,Ideal,F,VS,7.58,7.53
1781,0.51,Premium,G,VS,5.11,5.1
4831,1.2,Ideal,J,SI,6.79,6.87
6639,1.2,Ideal,I,VS,6.76,6.81
2012,0.52,Premium,G,VVS,5.16,5.14
4884,1.02,Premium,H,SI,6.58,6.51
817,0.3,Ideal,D,VS,4.28,4.33
1147,0.5,Very Good,F,SI,5.08,5.12
504,0.24,Ideal,H,VVS,4.02,4.05
511,0.33,Ideal,H,SI,4.5,4.53
530,0.23,Very Good,E,VVS,3.96,3.99
625,0.28,Ideal,D,VS,4.2,4.16
693,0.33,Very Good,E,SI,4.45,4.42
4315,1.15,Ideal,H,SI,6.83,6.8
761,0.31,Ideal,H,IF,4.38,4.4
4234,1.2,Ideal,J,SI,6.74,6.64
6636,1.69,Ideal,H,I,7.61,7.66
1963,0.56,Ideal,D,VS,5.28,5.33
1132,0.58,Ideal,I,SI,5.35,5.39
1061,0.41,Ideal,I,VVS,4.8,4.77
3495,0.72,Very Good,E,VVS,5.73,5.76
4592,0.9,Very Good,H,VS,6.12,6.17
744,0.38,Ideal,I,VVS,4.69,4.71
18325,2.49,Premium,I,SI,8.76,8.7
4668,0.9,Very Good,D,VS,6.06,6.13
3257,0.72,Ideal,H,IF,5.76,5.8
935,0.41,Ideal,E,VS,4.75,4.79
10711,1.55,Very Good,I,VS,7.56,7.63
6257,1.01,Ideal,D,SI,6.42,6.45
6843,1.01,Premium,E,VS,6.36,6.41
1691,0.71,Fair,G,SI,5.54,5.49
3541,0.64,Very Good,E,VVS,5.51,5.53
2207,0.71,Premium,H,SI,5.75,5.68
2141,0.71,Ideal,I,VS,5.77,5.81
4252,1.04,Premium,I,SI,6.45,6.39
8745,1.02,Very Good,E,VVS,6.53,6.57
432,0.3,Good,H,SI,4.27,4.29
3564,0.8,Ideal,D,SI,5.88,5.92
1100,0.38,Ideal,E,VVS,4.67,4.72
1020,0.32,Ideal,G,IF,4.42,4.4
995,0.34,Premium,H,VVS,4.49,4.45
1571,0.57,Ideal,F,SI,5.37,5.34
4084,1.11,Very Good,J,SI,6.56,6.49
4185,1.01,Very Good,H,SI,6.62,6.58
1026,0.38,Premium,F,VS,4.72,4.67
2897,0.72,Ideal,E,SI,5.69,5.74
529,0.38,Good,I,SI,4.63,4.57
898,0.42,Premium,H,SI,4.79,4.76
5531,1.13,Very Good,I,VS,6.72,6.75
1772,0.6,Ideal,H,VS,5.44,5.46
6288,1.01,Very Good,F,VS,6.48,6.51
2438,0.96,Fair,G,SI,6.01,5.81
561,0.32,Ideal,G,VS,4.39,4.41
1031,0.5,Fair,F,SI,5.06,4.92
2545,0.81,Very Good,G,SI,5.87,5.92
648,0.32,Ideal,H,VS,4.4,4.38
984,0.33,Ideal,E,VVS,4.45,4.51
4029,0.71,Ideal,D,VS,5.71,5.74
1606,0.57,Premium,J,VS,5.37,5.36
5669,1.2,Premium,H,SI,6.8,6.72
716,0.32,Ideal,F,VS,4.39,4.42
3759,0.72,Ideal,F,VS,5.82,5.85
1315,0.53,Ideal,E,SI,5.23,5.21
1063,0.35,Ideal,D,VS,4.54,4.5
5723,1,Good,G,VS,6.25,6.35
4124,0.9,Very Good,F,VS,6.11,6.17
7877,1.54,Very Good,E,SI,7.56,7.59
975,0.4,Premium,E,VS,4.73,4.65
7415,1.07,Very Good,D,VS,6.51,6.59
714,0.37,Very Good,I,VVS,4.64,4.68
814,0.3,Ideal,D,VVS,4.27,4.3
6198,1.19,Premium,H,VS,6.81,6.76
367,0.2,Premium,D,VS,3.73,3.68
726,0.31,Ideal,G,VVS,4.33,4.35
4785,1.2,Very Good,I,SI,6.82,6.76
4124,0.71,Ideal,E,VVS,5.7,5.72
4475,1.31,Premium,J,SI,7.11,7.06
707,0.39,Ideal,F,SI,4.73,4.77
10550,1.57,Ideal,E,SI,7.52,7.44
11166,1.51,Very Good,H,VS,7.25,7.28
4724,1,Premium,H,SI,6.41,6.32
1000,0.43,Good,H,VVS,4.91,4.93
561,0.32,Premium,G,VS,4.42,4.45
6036,1.03,Very Good,G,VS,6.41,6.48
2875,0.77,Ideal,H,SI,5.84,5.9
6964,1.01,Ideal,G,VS,6.41,6.44
2551,0.7,Ideal,D,SI,5.78,5.81
1030,0.41,Premium,E,VS,4.79,4.77
4662,1.02,Premium,I,VS,6.54,6.5
1058,0.39,Very Good,F,VVS,4.65,4.61
1046,0.31,Ideal,G,VVS,4.39,4.35
7458,1.01,Ideal,E,VS,6.52,6.5
8836,1.51,Very Good,I,VS,7.29,7.35
1940,0.7,Very Good,F,SI,5.7,5.77
11237,1.31,Ideal,F,VS,7.04,7.02
12944,2.3,Good,I,SI,8.4,8.35
2805,0.74,Fair,F,VS,5.82,5.75
11613,1.59,Very Good,G,SI,7.42,7.49
3024,0.75,Premium,D,SI,5.96,5.93
5135,1.14,Premium,F,SI,6.65,6.67
540,0.35,Ideal,J,VVS,4.53,4.55
1429,0.52,Ideal,D,SI,5.14,5.18
5147,1.01,Ideal,D,SI,6.52,6.38
1764,0.59,Very Good,F,VS,5.35,5.42
774,0.43,Premium,D,SI,4.8,4.84
898,0.42,Premium,D,SI,4.83,4.77
5152,1,Premium,G,SI,6.51,6.45
1338,0.52,Very Good,G,SI,5.11,5.08
891,0.38,Ideal,F,VS,4.69,4.73
2396,1.21,Fair,I,I,6.65,6.59
8366,1,Ideal,G,VVS,6.43,6.39
702,0.3,Good,E,VVS,4.28,4.34
625,0.31,Premium,F,VS,4.44,4.47
1069,0.7,Fair,G,I,5.59,5.37
421,0.32,Good,I,SI,4.3,4.33
3091,0.72,Ideal,E,VS,5.79,5.82
988,0.31,Ideal,G,IF,4.38,4.37
756,0.42,Very Good,D,SI,4.85,4.89
10490,2.01,Very Good,J,SI,7.86,7.96
7929,1.51,Good,H,SI,7.22,7.26
4829,1.1,Premium,E,SI,6.77,6.65
679,0.43,Very Good,F,SI,4.88,4.91
958,0.42,Ideal,E,VS,4.77,4.8
1605,0.56,Ideal,I,VVS,5.31,5.34
13587,2.01,Fair,H,SI,7.77,7.68
12215,2.01,Good,H,SI,8.32,8.23
17162,2.51,Ideal,H,SI,8.72,8.67
7378,1.25,Premium,H,VS,6.96,6.92
17759,2.01,Very Good,E,SI,8.14,8.19
2266,0.61,Very Good,D,VS,5.45,5.48
628,0.32,Ideal,H,VVS,4.41,4.44
2224,0.72,Ideal,F,SI,5.75,5.79
3926,1.01,Good,H,SI,6.17,6.19
608,0.24,Very Good,F,VVS,3.98,4
2464,0.91,Premium,E,I,6.29,6.32
9257,1.05,Ideal,F,VVS,6.55,6.52
4435,0.9,Very Good,G,SI,6.15,6.2
2895,0.7,Ideal,G,VVS,5.71,5.75
8400,1.51,Ideal,I,SI,7.35,7.3
5665,1.09,Ideal,F,SI,6.56,6.61
9562,1.53,Ideal,H,SI,7.46,7.43
7854,2.5,Fair,G,I,8.48,8.44
4131,1.09,Ideal,J,VS,6.63,6.61
1282,0.52,Very Good,I,VS,5.17,5.19
7404,1.13,Premium,G,VS,6.91,6.84
666,0.33,Very Good,G,VS,4.38,4.43
403,0.33,Ideal,I,SI,4.49,4.5
2723,0.7,Ideal,G,VS,5.65,5.68
487,0.3,Ideal,G,SI,4.34,4.37
5771,1.29,Very Good,I,SI,6.88,6.92
3220,0.75,Very Good,F,VS,5.83,5.87
6089,1.31,Premium,H,SI,7.1,7.07
1104,0.5,Very Good,E,SI,5.07,5.12
992,0.42,Ideal,H,VS,4.79,4.72
727,0.33,Very Good,D,VS,4.48,4.51
1656,0.51,Premium,E,VS,5.12,5.17
605,0.3,Very Good,F,VS,4.25,4.3
828,0.4,Very Good,J,IF,4.68,4.71
8564,1.18,Ideal,G,VS,6.77,6.74
4362,1.08,Very Good,G,SI,6.65,6.72
1633,0.59,Ideal,E,SI,5.35,5.45
7062,1.51,Good,J,VS,7.27,7.24
3762,0.91,Very Good,H,SI,6.14,6.18
1345,0.62,Premium,G,SI,5.49,5.44
9118,1.06,Ideal,F,VVS,6.54,6.5
2203,0.51,Ideal,F,VVS,5.19,5.17
5324,1.21,Ideal,J,VS,6.81,6.86
2620,0.7,Ideal,I,VVS,5.72,5.75
844,0.53,Ideal,I,SI,5.22,5.26
3296,0.8,Ideal,H,VS,5.9,5.93
4668,0.9,Very Good,G,VVS,6.12,6.19
1995,0.7,Very Good,I,VS,5.64,5.6
1238,0.55,Very Good,E,SI,5.21,5.25
698,0.31,Very Good,E,SI,4.32,4.29
1024,0.41,Very Good,I,VVS,4.87,4.91
3204,0.7,Very Good,F,VVS,5.67,5.57
1622,0.61,Very Good,D,SI,5.42,5.45
13001,1.52,Very Good,E,VS,7.43,7.52
6340,1.5,Fair,H,SI,7.12,6.82
5378,1.01,Good,F,SI,6.29,6.33
753,0.41,Ideal,F,SI,4.76,4.79
620,0.32,Ideal,H,VS,4.36,4.38
11228,1.7,Ideal,I,SI,7.68,7.64
9620,1.5,Good,H,VS,7.14,7.17
734,0.31,Ideal,D,VS,4.36,4.38
2409,0.73,Very Good,E,SI,5.72,5.69
3284,0.71,Ideal,F,VS,5.78,5.81
664,0.31,Ideal,E,VS,4.37,4.4
1712,0.56,Good,F,VS,5.36,5.42
802,0.31,Ideal,F,VS,4.37,4.33
2155,0.77,Very Good,J,VS,5.83,5.87
2782,0.75,Very Good,D,SI,5.78,5.73
3915,1,Premium,H,SI,6.36,6.32
828,0.32,Ideal,G,VS,4.41,4.38
3977,1.23,Good,D,I,6.72,6.79
918,0.32,Ideal,G,IF,4.43,4.45
756,0.45,Fair,G,SI,4.73,4.5
2733,0.7,Ideal,H,VS,5.72,5.75
5068,1,Good,G,VS,6.24,6.33
5338,0.7,Ideal,E,VVS,5.69,5.73
4326,1.16,Premium,J,SI,6.75,6.68
4488,1.17,Ideal,I,SI,6.72,6.79
17533,2.02,Good,I,VS,8.13,8.21
2536,0.9,Fair,F,SI,5.89,5.82
4748,1.11,Premium,H,SI,6.82,6.76
6426,1.06,Ideal,D,SI,6.49,6.52
563,0.31,Ideal,G,SI,4.34,4.37
649,0.37,Ideal,E,SI,4.57,4.6
4284,1.07,Premium,E,SI,6.59,6.67
4392,1,Very Good,E,SI,6.38,6.41
723,0.42,Very Good,D,SI,4.85,4.89
683,0.41,Ideal,I,VS,4.79,4.83
16041,2.28,Very Good,I,SI,8.34,8.41
1713,0.52,Ideal,E,SI,5.17,5.2
1053,0.4,Premium,E,VS,4.69,4.72
3211,0.73,Premium,F,VS,5.79,5.75
9747,1.53,Premium,G,SI,7.4,7.31
1701,0.52,Ideal,D,VS,5.17,5.21
991,0.41,Very Good,D,VS,4.7,4.76
955,0.33,Ideal,F,VVS,4.44,4.46
3429,0.78,Very Good,F,VS,5.86,5.9
5956,1.19,Very Good,E,SI,6.9,6.97
2070,0.75,Premium,G,SI,5.99,5.89
6275,1,Good,E,SI,6.43,6.41
1324,0.58,Ideal,J,VS,5.31,5.35
657,0.26,Very Good,E,VVS,4.1,4.15
3313,1.02,Premium,H,SI,6.61,6.57
698,0.31,Ideal,G,VS,4.34,4.28
2294,0.55,Ideal,F,VVS,5.24,5.27
4591,1.05,Ideal,F,SI,6.56,6.64
2259,0.7,Ideal,F,SI,5.69,5.73
1775,0.53,Good,D,VS,5.22,5.28
1559,0.54,Very Good,E,SI,5.31,5.36
1749,0.98,Fair,G,I,6.13,6.02
4054,0.9,Very Good,E,SI,6.14,6.17
15937,1.7,Very Good,G,VS,7.53,7.62
921,0.42,Premium,G,VS,4.72,4.79
1848,0.7,Premium,D,SI,5.89,5.78
684,0.3,Ideal,G,VVS,4.29,4.32
10317,1.23,Ideal,G,VVS,6.81,6.84
15984,2,Very Good,H,SI,7.95,7.93
3597,1.01,Fair,F,SI,6.09,6.03
16797,2.4,Premium,F,SI,8.53,8.49
977,0.31,Ideal,F,VVS,4.39,4.37
2863,0.91,Good,I,VS,6.05,6.09
1158,0.4,Ideal,E,VVS,4.74,4.76
2037,0.73,Premium,J,VS,5.87,5.82
2745,0.51,Ideal,E,VVS,5.17,5.11
7281,1.09,Very Good,G,VS,6.68,6.71
5436,1.22,Ideal,G,SI,6.86,6.78
858,0.29,Ideal,F,VVS,4.32,4.29
648,0.32,Premium,H,VS,4.36,4.33
6002,2.03,Fair,H,I,7.91,7.85
18215,2.09,Very Good,I,VS,8.09,8.13
15488,1.52,Ideal,E,VS,7.42,7.32
2064,0.52,Very Good,F,VVS,5.12,5.16
13737,1.7,Premium,F,VS,7.54,7.45
17114,2.09,Ideal,I,SI,8.15,8.22
4617,1.01,Ideal,J,VS,6.46,6.5
2553,0.7,Ideal,E,VS,5.69,5.74
2762,0.8,Premium,F,SI,5.98,5.94
1708,0.51,Ideal,G,VS,5.16,5.19
988,0.38,Very Good,F,VS,4.75,4.79
3378,0.62,Ideal,G,IF,5.54,5.61
2234,0.7,Ideal,G,SI,5.67,5.69
6412,1.02,Ideal,F,VS,6.44,6.37
530,0.23,Very Good,E,VVS,4.03,4.08
2072,0.71,Very Good,G,SI,5.6,5.65
737,0.4,Ideal,E,SI,4.71,4.75
594,0.33,Premium,I,VS,4.44,4.4
4469,1,Premium,H,SI,6.45,6.34
3011,0.7,Ideal,F,VS,5.7,5.73
2347,0.75,Very Good,F,SI,5.7,5.74
6543,1.27,Ideal,E,VS,7.03,6.92
1994,0.71,Fair,G,SI,5.46,5.37
1050,0.4,Ideal,I,IF,4.75,4.71
2041,0.54,Ideal,G,VVS,5.24,5.26
1068,0.42,Ideal,H,VVS,4.79,4.8
874,0.31,Ideal,F,IF,4.31,4.34
4632,1.01,Good,F,SI,6.52,6.48
4903,1.03,Very Good,G,SI,6.41,6.37
841,0.48,Ideal,I,SI,5.04,5.07
4218,1,Good,G,SI,6.31,6.41
4902,0.94,Very Good,D,SI,6.41,6.51
6038,1.23,Premium,F,SI,6.91,6.84
16942,2.04,Premium,I,SI,8.14,8.07
15792,1.52,Good,E,VS,7.25,7.21
11951,2.03,Ideal,J,SI,7.99,8.03
4201,0.9,Ideal,H,VS,6.2,6.24
1786,0.54,Ideal,D,SI,5.3,5.27
16992,2.12,Premium,H,SI,8.47,8.43
709,0.3,Very Good,I,VVS,4.29,4.27
732,0.31,Ideal,D,SI,4.49,4.37
5022,1.09,Ideal,G,SI,6.6,6.55
7688,1.1,Ideal,G,VS,6.66,6.59
9133,1.23,Ideal,G,VS,6.96,6.91
3857,1.01,Very Good,E,SI,6.49,6.51
3713,1,Premium,G,SI,6.35,6.32
8947,1.17,Ideal,G,VVS,6.74,6.77
1168,0.4,Ideal,F,VVS,4.77,4.81
3842,0.74,Ideal,F,VVS,5.83,5.86
907,0.31,Ideal,G,VVS,4.36,4.33
502,0.31,Ideal,I,VS,4.38,4.39
824,0.31,Ideal,G,VS,4.4,4.35
14330,1.64,Premium,G,VS,7.52,7.49
3539,0.79,Very Good,E,VS,5.85,5.88
1106,0.5,Very Good,F,SI,5.06,4.98
706,0.35,Very Good,H,VVS,4.48,4.51
9801,1.64,Ideal,E,SI,7.67,7.64
16082,1.54,Very Good,F,VS,7.34,7.3
3180,0.72,Ideal,H,VVS,5.74,5.76
729,0.3,Fair,F,VS,4.44,4.39
8863,1.21,Ideal,E,SI,6.82,6.86
855,0.4,Good,I,VS,4.72,4.68
695,0.38,Ideal,G,SI,4.71,4.76
3035,0.78,Ideal,D,SI,5.87,5.89
1438,0.51,Ideal,E,SI,5.09,5.15
2700,0.91,Premium,I,SI,6.34,6.32
8163,1.01,Premium,G,VVS,6.49,6.45
4389,1,Good,H,SI,6.34,6.37
13824,1.22,Premium,E,VVS,6.87,6.85
1253,0.44,Premium,F,VVS,4.89,4.85
5405,1.27,Ideal,F,SI,6.95,6.9
7273,1.7,Ideal,H,SI,7.68,7.63
6597,1.02,Very Good,D,VS,6.41,6.47
1401,0.52,Ideal,H,VS,5.19,5.24
752,0.33,Very Good,G,VVS,4.43,4.5
778,0.32,Very Good,F,VVS,4.38,4.41
421,0.3,Very Good,H,SI,4.25,4.3
8912,1.14,Very Good,F,VVS,6.56,6.71
889,0.39,Very Good,E,VS,4.72,4.76
11646,2.01,Premium,H,SI,8.05,7.97
7762,1.05,Ideal,E,VS,6.5,6.44
2901,0.74,Ideal,E,VS,5.81,5.78
6115,1.12,Premium,H,VS,6.64,4.11
2281,0.53,Good,F,VVS,5.11,5.17
2841,0.82,Very Good,F,SI,6.12,6.14
1939,0.9,Fair,G,I,6.05,5.99
14725,2.01,Ideal,H,SI,8.11,8.08
730,0.32,Ideal,G,VVS,4.35,4.38
18077,2.02,Ideal,G,VS,8.14,8.04
1953,0.51,Premium,F,VVS,5.08,5.1
891,0.31,Ideal,G,IF,4.35,4.38
4455,1.17,Very Good,H,SI,6.72,6.64
3005,0.72,Ideal,I,VS,5.8,5.86
3497,0.76,Ideal,E,VS,5.84,5.86
526,0.3,Good,H,VS,4.26,4.28
1667,0.54,Very Good,D,SI,5.21,5.17
5598,1.02,Very Good,H,VS,6.34,6.47
3024,0.9,Good,H,SI,6.09,6.14
1114,0.54,Fair,F,SI,5.24,5.18
1613,0.57,Premium,E,SI,5.42,5.38
16294,2.09,Good,I,SI,8.37,8.46
1438,0.51,Very Good,G,VS,5.07,5.09
8330,1.01,Very Good,F,VS,6.36,6.39
8451,1.06,Ideal,G,VS,6.5,6.53
894,0.39,Good,G,VVS,4.62,4.65
8108,1.5,Good,D,SI,7.2,7.25
9784,1.56,Good,I,VS,7.72,7.66
11954,2.01,Good,I,VS,7.91,7.86
3653,0.8,Ideal,F,VS,5.93,6
4582,1.03,Good,J,VS,6.43,6.49
3151,0.72,Ideal,F,VS,5.78,5.8
605,0.3,Ideal,G,VS,4.31,4.33
3099,0.72,Ideal,D,VS,5.76,5.73
561,0.32,Very Good,G,VS,4.33,4.36
921,0.39,Good,F,SI,4.65,4.6
457,0.31,Very Good,H,VS,4.43,4.46
586,0.37,Ideal,G,SI,4.62,4.64
575,0.32,Ideal,I,VVS,4.42,4.45
4106,0.9,Premium,E,SI,6.22,6.26
6048,1.5,Premium,J,SI,7.34,7.3
13369,2.21,Premium,H,SI,8.27,8.23
1066,0.5,Ideal,I,SI,5.13,5.16
3888,0.73,Ideal,F,VVS,5.74,5.79
980,0.4,Premium,G,VVS,4.78,4.74
3067,0.78,Ideal,E,SI,5.87,5.9
2951,0.54,Ideal,F,VVS,5.27,5.28
552,0.24,Very Good,E,VVS,3.96,4.01
6738,1.26,Ideal,G,SI,7.08,7.04
628,0.31,Ideal,H,VS,4.34,4.32
791,0.42,Very Good,I,VS,4.82,4.88
1024,0.39,Premium,G,VVS,4.73,4.7
743,0.33,Premium,G,VS,4.44,4.41
3450,1,Premium,E,SI,6.3,6.23
2135,0.56,Ideal,H,IF,5.32,5.35
945,0.4,Good,I,VS,4.69,4.65
2290,0.7,Very Good,E,SI,5.76,5.79
675,0.3,Premium,E,SI,4.28,4.24
5182,1.18,Ideal,H,SI,6.81,6.86
10933,1.14,Ideal,G,VVS,6.74,6.77
5946,1.06,Ideal,D,SI,6.52,6.55
3603,1.04,Premium,J,SI,6.47,6.49
2918,0.8,Very Good,H,VS,5.98,6.05
596,0.34,Premium,I,VVS,4.45,4.49
544,0.31,Premium,H,VS,4.41,4.43
3207,1.01,Ideal,J,SI,6.48,6.4
4514,0.91,Very Good,H,VS,6.29,6.38
4435,1.02,Premium,G,SI,6.44,6.48
4191,1.01,Fair,H,SI,6.29,6.25
3836,1,Good,I,SI,6.21,6.27
5832,1.31,Premium,I,VS,7.16,7.05
2615,0.57,Ideal,E,VVS,5.31,5.33
4370,0.9,Good,F,VS,6.08,6.1
885,0.3,Ideal,D,VS,4.38,4.41
1295,0.41,Ideal,F,VVS,4.77,4.8
11003,1.71,Premium,I,SI,7.75,7.79
7356,1.52,Ideal,J,SI,7.33,7.37
12696,2.04,Ideal,J,SI,8.08,8.12
4372,1,Very Good,F,SI,6.36,6.39
10197,1.61,Ideal,F,SI,7.58,7.51
1076,0.41,Premium,G,VS,4.87,4.84
4128,0.91,Premium,H,VS,6.23,6.18
1814,0.54,Ideal,F,VS,5.31,5.27
2473,0.7,Very Good,G,VS,5.74,5.8
789,0.36,Premium,E,VS,4.54,4.56
969,0.41,Ideal,E,SI,4.78,4.74
825,0.36,Very Good,F,VS,4.62,4.66
1813,0.53,Premium,E,VS,5.21,5.18
1908,0.53,Premium,E,VS,5.33,5.26
12736,2.02,Ideal,J,SI,8.11,8.18
5032,0.91,Premium,H,VVS,6.16,6.19
499,0.3,Ideal,F,SI,4.28,4.31
3053,0.78,Ideal,E,SI,5.92,5.98
12394,1.63,Premium,F,SI,7.73,7.65
6350,1.26,Premium,H,SI,6.96,6.87
1965,0.57,Ideal,E,VS,5.32,5.37
745,0.34,Premium,E,VS,4.48,4.51
4412,1.01,Premium,H,VS,6.45,6.36
13098,2,Premium,D,SI,8.02,8
505,0.23,Very Good,F,VVS,3.97,4.01
9704,1.51,Very Good,I,VS,7.42,7.46
13363,1.63,Ideal,F,SI,7.55,7.58
2265,0.71,Ideal,I,VS,5.66,5.71
1186,0.25,Premium,G,SI,5.33,5.28
1715,0.54,Premium,D,SI,5.22,5.18
807,0.36,Premium,F,VS,4.56,4.51
6440,1.18,Ideal,H,SI,6.78,6.82
12271,2.01,Premium,H,SI,8.16,8.13
3170,0.74,Ideal,F,VS,5.79,5.76
4584,1.01,Ideal,I,SI,6.36,6.4
5683,1.24,Ideal,H,VS,6.92,6.88
18557,1.72,Very Good,E,VS,7.65,7.55
4297,0.9,Very Good,G,VS,6.14,6.16
8546,1.05,Ideal,G,VVS,6.63,6.68
3772,0.91,Very Good,E,SI,6.12,6.16
1155,0.44,Ideal,E,VS,4.92,4.9
13622,1.72,Very Good,F,SI,7.62,7.57
12554,2,Fair,H,SI,7.84,7.8
3073,0.71,Ideal,E,VS,5.69,5.73
3419,0.7,Ideal,D,VS,5.71,5.74
4157,0.9,Ideal,I,VS,6.17,6.23
4656,1.08,Very Good,E,SI,6.61,6.68
11460,1.81,Premium,H,SI,7.79,7.75
2332,0.7,Ideal,E,SI,5.76,5.78
703,0.38,Ideal,I,VS,4.62,4.66
4193,0.91,Very Good,H,VS,6.35,6.47
5376,1.13,Premium,G,SI,6.76,6.67
18392,2.09,Very Good,H,SI,8.23,8.3
974,0.46,Ideal,I,VVS,4.96,4.99
1431,0.41,Ideal,E,VVS,4.79,4.77
3599,1.02,Very Good,J,SI,6.42,6.36
684,0.32,Premium,F,SI,4.4,4.37
2889,0.77,Premium,E,SI,5.99,5.95
3714,0.9,Premium,F,SI,6.13,6.08
2804,0.7,Ideal,D,SI,5.68,5.7
1955,0.57,Ideal,D,VS,5.29,5.32
4482,0.92,Fair,E,SI,6.04,5.99
689,0.34,Premium,H,VS,4.49,4.46
4469,1,Premium,D,SI,6.23,6.19
367,0.2,Premium,E,VS,3.84,3.8
752,0.33,Premium,G,VVS,4.52,4.55
1738,0.49,Good,D,VS,5.18,5.25
2590,0.71,Very Good,H,VS,5.63,5.67
1243,0.5,Very Good,D,SI,5.05,5.01
8205,1.53,Premium,J,VS,7.51,7.47
6972,1.1,Ideal,G,VS,6.7,6.74
3255,0.9,Very Good,H,SI,5.97,6.07
2252,0.72,Ideal,H,SI,5.79,5.83
13445,1.71,Ideal,H,VS,7.59,7.63
2074,0.7,Very Good,G,SI,5.7,5.73
2059,0.57,Premium,G,VVS,5.44,5.36
1389,0.42,Ideal,F,VVS,4.84,4.81
3267,0.9,Good,F,SI,6.06,6.16
5034,1.09,Ideal,J,SI,6.58,6.64
1644,0.54,Good,D,VS,5.28,5.36
2318,0.72,Very Good,G,SI,5.73,5.68
3364,0.82,Ideal,H,VS,6,6.04
949,0.3,Ideal,E,VVS,4.3,4.32
2337,0.73,Very Good,H,VS,5.65,5.7
4459,1.02,Premium,F,SI,6.41,6.45
680,0.31,Ideal,E,VS,4.34,4.37
5329,1.11,Ideal,I,SI,6.65,6.66
2425,0.76,Good,G,SI,5.97,6.05
10567,1.01,Good,E,VVS,6.31,6.34
4425,0.93,Good,G,VS,6.21,6.15
971,0.33,Ideal,G,VVS,4.49,4.52
2081,0.5,Premium,F,VVS,5.15,5.13
1168,0.4,Very Good,D,VVS,4.7,4.72
6606,1.01,Premium,E,VS,6.46,6.43
1806,0.5,Premium,G,VVS,5.09,5.07
620,0.3,Very Good,G,VS,4.28,4.32
776,0.3,Ideal,F,VS,4.34,4.31
5879,0.95,Ideal,E,VS,6.3,6.28
645,0.32,Ideal,F,VS,4.4,4.44
5221,1,Premium,F,SI,6.44,6.36
7589,1.01,Ideal,E,VS,6.44,6.47
1292,0.57,Ideal,H,SI,5.34,5.39
2390,0.71,Good,E,SI,5.63,5.66
567,0.3,Ideal,H,VVS,4.3,4.3
778,0.3,Ideal,D,VS,4.38,4.34
3208,0.7,Very Good,D,VS,5.73,5.76
2250,0.44,Good,D,VVS,4.96,5
548,0.32,Very Good,G,VS,4.46,4.48
839,0.39,Ideal,E,VS,4.75,4.77
954,0.32,Ideal,G,IF,4.4,4.43
4098,1.08,Premium,J,SI,6.57,6.62
596,0.34,Premium,H,VS,4.48,4.53
1443,0.51,Premium,E,SI,5.07,5.06
15939,2.01,Premium,I,VS,8.13,8.08
2314,0.52,Very Good,F,VVS,5.11,5.15
1121,0.52,Premium,G,SI,5.29,5.21
7032,1.15,Premium,G,VS,6.68,6.6
621,0.3,Ideal,E,VS,4.33,4.36
1176,0.56,Fair,F,SI,5.38,5.21
17882,2.02,Ideal,H,SI,8.14,8.08
17658,2.02,Very Good,F,SI,8.21,8.29
6648,1.07,Ideal,G,VS,6.53,6.58
9901,1.16,Ideal,G,IF,6.73,6.79
3622,0.7,Very Good,E,IF,5.64,5.59
5016,1.02,Ideal,G,SI,6.43,6.48
4928,1.03,Ideal,G,SI,6.46,6.5
8462,1.51,Very Good,F,SI,7.2,7.27
6458,1.04,Premium,F,VS,6.61,6.56
2745,0.71,Very Good,D,VS,5.61,5.65
1106,0.53,Very Good,J,VS,5.19,5.23
2839,0.71,Premium,F,VS,5.87,5.82
3160,0.81,Ideal,D,SI,5.96,5.99
4102,1,Good,F,SI,6.15,6.21
6746,1.5,Good,J,SI,7.3,7.32
4959,1.01,Premium,H,VS,6.44,6.48
1018,0.36,Ideal,D,VS,4.55,4.52
15467,2.01,Good,H,SI,7.81,7.91
13477,1.71,Ideal,H,SI,7.74,7.69
984,0.51,Good,J,VS,5.1,5.13
2275,0.79,Premium,H,SI,5.97,5.91
2990,0.57,Good,E,VVS,5.34,5.43
6157,1.19,Very Good,D,SI,6.84,6.88
2037,0.56,Very Good,E,VS,5.29,5.31
453,0.31,Premium,J,SI,4.43,4.39
2753,0.9,Very Good,J,SI,6.12,6.09
2120,0.76,Very Good,I,SI,5.84,5.9
1210,0.5,Good,D,SI,5.02,4.93
3002,0.8,Premium,G,VS,6.02,5.97
2489,0.78,Premium,H,SI,5.93,5.92
1731,0.5,Ideal,F,VS,5.14,5.15
1116,0.46,Ideal,E,SI,5.02,4.96
6666,1.01,Very Good,E,VS,6.47,6.51
11114,2.25,Premium,I,SI,8.42,8.35
499,0.3,Very Good,E,SI,4.31,4.33
1046,0.31,Premium,E,VVS,4.36,4.34
3087,0.7,Good,D,VS,5.56,5.61
7862,1.08,Very Good,G,VVS,6.58,6.51
1893,0.5,Very Good,D,VS,5.12,5.14
7300,1.5,Fair,G,SI,7.6,7.52
2319,0.7,Premium,D,SI,5.73,5.71
7730,1.29,Premium,F,SI,6.97,6.91
2087,0.71,Good,I,SI,5.72,5.67
854,0.33,Premium,G,VS,4.46,4.42
456,0.33,Ideal,J,VS,4.45,4.47
732,0.31,Good,D,SI,4.3,4.27
1885,0.63,Very Good,D,SI,5.4,5.46
807,0.4,Ideal,I,VVS,4.74,4.77
7257,2.31,Fair,G,I,8.05,7.99
3370,0.84,Good,G,VS,5.89,5.94
2666,0.74,Very Good,I,VVS,5.76,5.78
7177,1,Ideal,E,VS,6.38,6.45
746,0.37,Very Good,F,VS,4.61,4.63
2513,0.7,Very Good,H,VS,5.67,5.7
789,0.43,Ideal,I,VS,4.86,4.91
6088,0.94,Very Good,G,VVS,6.21,6.14
8039,1.2,Ideal,H,VS,6.84,6.88
1439,0.41,Ideal,F,IF,4.81,4.83
8630,1.6,Premium,I,SI,7.59,7.51
5849,1.26,Very Good,H,VS,6.91,6.81
15217,1.53,Premium,F,VS,7.51,7.48
1200,0.38,Very Good,D,VVS,4.7,4.73
1243,0.56,Ideal,D,SI,5.29,5.32
9526,1.62,Premium,E,SI,7.55,7.52
743,0.33,Ideal,E,SI,4.42,4.38
802,0.31,Ideal,F,VS,4.34,4.3
2383,1.12,Premium,G,I,6.71,6.67
1240,0.54,Very Good,H,SI,5.22,5.15
1303,0.35,Ideal,D,VVS,4.62,4.59
8580,1.2,Premium,F,VS,6.78,6.71
8403,1.21,Very Good,F,VS,6.78,6.82
907,0.31,Premium,H,VVS,4.37,4.33
17492,1.7,Premium,G,VS,7.73,7.64
2079,0.72,Ideal,G,SI,5.71,5.75
1644,0.48,Very Good,E,VS,4.95,4.99
2016,0.54,Very Good,D,VS,5.19,5.23
1795,0.5,Good,D,VS,5.02,5.06
9494,1.73,Premium,F,SI,7.6,7.55
4565,0.9,Very Good,G,VVS,6.07,6.15
1397,0.57,Very Good,E,SI,5.28,5.32
7877,1.21,Very Good,F,SI,6.92,6.96
6366,1.16,Premium,E,SI,6.7,6.64
2717,0.9,Premium,J,SI,6.14,6.11
17676,2.01,Very Good,E,SI,8.03,8.11
780,0.33,Ideal,D,SI,4.43,4.39
6037,1.01,Very Good,F,VS,6.52,6.54
9900,1.5,Very Good,E,SI,7.39,7.44
942,0.31,Ideal,D,VS,4.36,4.31
13453,2.02,Ideal,F,SI,8.07,7.93
1624,0.5,Very Good,G,VS,5.06,5.22
980,0.45,Fair,E,VS,4.78,4.71
614,0.35,Very Good,E,SI,4.48,4.52
2562,0.72,Very Good,E,SI,5.73,5.76
504,0.32,Ideal,J,VS,4.38,4.36
5477,1.18,Premium,I,VS,6.73,6.71
880,0.34,Ideal,H,VVS,4.49,4.48
3062,0.71,Fair,G,VVS,5.67,5.57
894,0.37,Premium,F,VS,4.67,4.62
938,0.31,Very Good,E,IF,4.33,4.37
5641,1.23,Ideal,H,SI,6.95,6.94
3996,1.06,Very Good,H,SI,6.43,6.47
9804,1.5,Very Good,I,VS,7.36,7.42
3594,0.93,Premium,G,SI,6.35,6.28
5897,1.01,Very Good,H,VS,6.46,6.5
8261,1.31,Very Good,H,VS,7.04,7.09
2706,0.76,Good,F,SI,6.08,6
1013,0.3,Ideal,G,VVS,4.31,4.29
3465,0.9,Good,F,SI,5.98,6.01
3181,0.63,Ideal,E,VVS,5.49,5.54
1971,0.5,Premium,H,IF,5.14,5.03
6239,1.01,Very Good,G,VS,6.44,6.52
1580,0.43,Ideal,F,IF,4.89,4.86
1040,0.44,Premium,E,SI,4.88,4.85
665,0.3,Ideal,H,VVS,4.29,4.32
809,0.37,Ideal,G,VS,4.65,4.68
851,0.36,Ideal,D,SI,4.64,4.56
579,0.33,Ideal,G,VS,4.44,4.47
4823,0.91,Very Good,E,VS,6.15,6.17
1689,0.52,Very Good,E,VS,5.17,5.2
2846,0.77,Premium,G,VS,5.91,5.81
1827,0.87,Ideal,G,I,6.09,6.04
1729,0.5,Very Good,G,VVS,5.12,5.15
15996,2.02,Premium,H,SI,8.28,8.17
1815,0.52,Premium,G,VS,5.21,5.17
500,0.3,Good,F,SI,4.21,4.26
7695,1.54,Very Good,J,VS,7.34,7.37
10521,1.62,Very Good,H,SI,7.4,7.45
524,0.3,Ideal,G,VS,4.32,4.38
1990,0.58,Premium,G,VVS,5.4,5.45
5436,1.22,Premium,G,SI,7,6.92
5939,1.01,Premium,D,SI,6.47,6.42
1776,0.53,Ideal,E,VS,5.19,5.16
816,0.31,Premium,E,VVS,4.35,4.38
5889,1.24,Premium,F,SI,6.94,6.9
10520,1.7,Ideal,I,SI,7.62,7.57
1741,0.57,Very Good,F,VS,5.27,5.31
1246,0.45,Good,G,VS,4.94,4.98
698,0.31,Premium,I,VVS,4.4,4.38
2743,0.71,Very Good,D,SI,5.73,5.68
5217,1.02,Premium,H,VS,6.38,6.43
747,0.3,Ideal,G,VVS,4.36,4.38
3270,0.79,Ideal,D,SI,6.01,5.96
1369,0.52,Very Good,G,VS,5.09,5.13
4661,1.15,Very Good,H,SI,6.63,6.66
1013,0.3,Ideal,E,VVS,4.33,4.31
485,0.24,Very Good,E,VVS,3.95,3.97
1071,0.37,Premium,D,VVS,4.61,4.64
4468,1.01,Premium,F,SI,6.53,6.46
4478,1.02,Premium,E,SI,6.6,6.55
612,0.3,Ideal,F,VS,4.3,4.32
917,0.34,Very Good,G,IF,4.59,4.63
775,0.3,Good,E,VVS,4.23,4.27
4004,1.01,Good,F,SI,6.34,6.38
1665,0.52,Ideal,G,VS,5.16,5.18
10476,1.01,Very Good,F,IF,6.38,6.45
9355,1.62,Very Good,E,SI,7.57,7.62
1033,0.34,Ideal,E,VS,4.5,4.48
1668,0.56,Premium,E,VS,5.34,5.27
4595,1,Very Good,D,SI,6.29,6.39
983,0.51,Ideal,H,SI,5.1,5.14
1367,0.41,Ideal,G,IF,4.74,4.78
756,0.32,Ideal,D,SI,4.47,4.37
6816,1.02,Very Good,E,VS,6.36,6.41
6957,1,Very Good,F,VS,6.29,6.35
4445,1.01,Very Good,E,SI,6.36,6.41
780,0.33,Ideal,D,SI,4.44,4.41
376,0.23,Good,F,VS,3.86,3.89
833,0.38,Premium,G,VS,4.62,4.66
2269,0.53,Ideal,F,VVS,5.23,5.26
1746,0.5,Ideal,E,VS,5.12,5.04
956,0.34,Ideal,E,VS,4.5,4.46
3040,0.77,Very Good,D,SI,5.84,5.89
4824,1.21,Good,J,SI,6.83,6.89
526,0.24,Ideal,E,VVS,3.96,4.01
1063,0.35,Ideal,E,VS,4.53,4.5
4150,0.76,Premium,F,IF,5.89,5.85
2795,0.72,Good,F,VS,5.74,5.72
2756,0.71,Ideal,G,VS,5.76,5.73
2966,0.7,Ideal,I,VVS,5.69,5.73
2519,0.73,Premium,I,VVS,5.78,5.73
3484,0.9,Very Good,I,VS,6.06,6.03
1279,0.58,Ideal,I,VS,5.35,5.39
755,0.3,Very Good,E,VS,4.3,4.33
5723,1,Very Good,G,VS,6.39,6.31
2389,0.76,Ideal,G,SI,5.81,5.84
753,0.42,Very Good,F,SI,4.81,4.89
3669,0.73,Ideal,G,VVS,5.76,5.8
596,0.34,Ideal,E,SI,4.48,4.51
11073,1.3,Ideal,G,VVS,6.96,7.03
6531,1.22,Very Good,G,SI,6.99,6.92
3356,0.89,Very Good,F,SI,6.18,6.21
1294,0.44,Ideal,D,VS,4.92,4.85
776,0.3,Premium,H,VVS,4.31,4.29
975,0.39,Premium,E,VS,4.83,4.79
10730,1.5,Very Good,D,SI,7.17,7.23
9663,1.75,Ideal,J,VS,7.71,7.66
1329,0.62,Premium,F,SI,5.48,5.45
4997,1.1,Very Good,G,SI,6.72,6.79
16149,2.01,Good,I,VS,7.95,7.87
575,0.25,Very Good,D,VVS,4.11,4.16
854,0.4,Ideal,E,VS,4.72,4.75
11294,1.58,Ideal,E,SI,7.53,7.5
625,0.31,Ideal,H,VVS,4.36,4.37
5500,1,Premium,E,SI,6.38,6.41
971,0.41,Ideal,H,VVS,4.83,4.89
1084,0.34,Ideal,E,VVS,4.49,4.45
905,0.3,Premium,G,VVS,4.31,4.25
1606,0.57,Premium,J,VS,5.34,5.3
1051,0.4,Ideal,G,VVS,4.71,4.75
5412,1.23,Premium,J,VS,6.79,6.82
5759,1.13,Ideal,G,SI,6.71,6.75
18279,1.07,Premium,D,IF,6.67,6.57
462,0.31,Premium,D,SI,4.38,4.41
993,0.43,Good,D,SI,4.8,4.79
1823,0.54,Ideal,E,VS,5.22,5.2
2093,0.52,Good,G,IF,5.24,5.27
557,0.33,Premium,J,VS,4.41,4.38
5926,1.29,Ideal,H,SI,6.95,6.93
9712,1.06,Ideal,E,VVS,6.63,6.54
687,0.31,Ideal,H,VVS,4.4,4.43
4302,1.01,Good,F,SI,6.41,6.46
2956,0.7,Very Good,F,VS,5.67,5.71
5312,1.02,Ideal,H,VS,6.53,6.48
3888,1.01,Very Good,I,SI,6.38,6.44
880,0.33,Ideal,F,VVS,4.51,4.53
914,0.31,Ideal,F,IF,4.39,4.43
882,0.38,Ideal,D,VS,4.69,4.7
4140,0.93,Premium,D,SI,6.26,6.2
999,0.41,Ideal,E,VS,4.77,4.74
8020,1.65,Very Good,H,SI,7.53,7.49
5833,1,Fair,F,VS,6.28,6.25
4640,1.1,Premium,D,SI,6.57,6.6
907,0.31,Premium,H,VVS,4.34,4.32
4273,1.02,Premium,G,SI,6.51,6.48
3724,0.92,Very Good,G,SI,6.13,6.16
7652,1.01,Very Good,D,VS,6.36,6.39
4429,0.91,Premium,D,SI,6.25,6.3
4581,1.11,Premium,E,SI,6.61,6.63
880,0.34,Premium,F,VS,4.46,4.44
571,0.31,Very Good,D,SI,4.3,4.33
436,0.31,Ideal,G,SI,4.38,4.42
8840,1.77,Premium,J,SI,7.84,7.72
4155,1,Good,F,SI,6.33,6.28
1911,0.52,Ideal,G,VVS,5.14,5.17
2048,0.72,Very Good,I,VS,5.65,5.73
15226,1.51,Ideal,F,VS,7.39,7.36
6653,1.2,Good,E,SI,6.84,6.79
3084,0.9,Very Good,E,SI,6.2,6.17
1722,0.52,Ideal,G,VS,5.16,5.18
4004,1,Good,E,SI,6.31,6.38
3169,0.77,Ideal,F,SI,5.93,5.95
1577,0.53,Ideal,G,VS,5.19,5.22
1812,0.53,Ideal,F,VS,5.16,5.21
15148,2.53,Premium,H,SI,8.82,8.76
858,0.32,Ideal,D,VVS,4.4,4.4
6543,1.03,Good,F,VS,6.35,6.38
8303,1.02,Ideal,E,VS,6.43,6.46
3729,1.03,Very Good,J,SI,6.64,6.67
4578,1.09,Premium,H,SI,6.59,6.57
12764,1.52,Ideal,H,VVS,7.32,7.3
618,0.31,Good,F,SI,4.29,4.2
981,0.33,Very Good,E,VVS,4.45,4.5
591,0.32,Very Good,H,SI,4.36,4.33
14375,1.85,Ideal,I,VVS,7.91,7.86
3007,0.76,Ideal,D,SI,5.88,5.91
5019,1.02,Very Good,F,SI,6.43,6.49
1107,0.51,Good,G,SI,5.08,5.03
1792,0.7,Good,F,SI,5.58,5.53
688,0.41,Ideal,G,SI,4.78,4.81
1865,0.7,Fair,H,SI,5.58,5.54
2442,0.63,Ideal,G,VVS,5.45,5.48
447,0.34,Good,F,SI,4.46,4.48
5141,1.2,Good,G,SI,6.75,6.71
3996,0.77,Ideal,H,VS,5.91,5.94
889,0.38,Ideal,F,VS,4.67,4.64
468,0.26,Premium,H,VVS,4.12,4.17
2812,0.7,Good,E,SI,5.49,5.53
521,0.33,Premium,H,VS,4.38,4.41
1389,0.54,Premium,G,SI,5.2,5.17
6163,1.01,Premium,G,VS,6.38,6.35
11280,1.53,Premium,H,VS,7.34,7.3
2283,0.71,Premium,G,SI,5.69,5.65
895,0.3,Ideal,E,VVS,4.38,4.41
2874,0.78,Premium,F,VS,5.91,5.82
6387,1.46,Premium,J,SI,7.43,7.34
841,0.48,Ideal,G,SI,5.04,5.06
4398,1.05,Very Good,E,SI,6.47,6.51
923,0.45,Fair,F,VS,4.77,4.7
4893,0.8,Very Good,E,VVS,5.93,5.95
3478,0.72,Ideal,G,VS,5.74,5.76
921,0.31,Ideal,F,IF,4.39,4.42
5219,1.09,Ideal,H,SI,6.58,6.53
1044,0.35,Ideal,G,IF,4.56,4.59
684,0.37,Good,H,SI,4.57,4.53
1367,0.41,Premium,E,VVS,4.75,4.77
2513,0.7,Very Good,E,VS,5.65,5.69
7235,1.51,Premium,H,SI,7.47,7.31
921,0.35,Ideal,E,VS,4.55,4.52
8049,1.51,Very Good,J,SI,7.25,7.32
1786,0.54,Ideal,D,SI,5.31,5.25
4031,0.91,Very Good,E,SI,6.11,6.14
5237,1.29,Ideal,J,SI,7,7.06
572,0.33,Ideal,I,SI,4.44,4.4
524,0.32,Good,E,SI,4.34,4.37
4405,1.05,Ideal,J,SI,6.53,6.57
6885,1.31,Very Good,I,VS,6.99,7.03
2853,0.71,Premium,F,VS,5.67,5.7
926,0.32,Ideal,F,VVS,4.39,4.43
5178,1.11,Fair,H,SI,6.42,6.39
6289,1.23,Ideal,D,SI,6.97,7.02
1397,0.4,Ideal,E,VVS,4.72,4.67
1378,0.44,Ideal,G,IF,4.91,4.95
683,0.41,Premium,D,SI,4.73,4.77
2444,0.7,Premium,E,SI,5.79,5.75
16427,2.18,Ideal,J,VS,8.41,8.45
718,0.39,Very Good,J,VVS,4.64,4.71
5986,1.14,Premium,H,VS,6.74,6.81
1565,0.5,Very Good,D,VS,5.09,5.18
13752,1.51,Ideal,G,VS,7.39,7.46
802,0.31,Premium,G,VS,4.35,4.33
6734,1.02,Ideal,F,VS,6.47,6.44
2326,1,Fair,G,SI,6,5.73
612,0.32,Ideal,D,SI,4.4,4.38
2208,0.71,Fair,I,VS,5.54,5.46
2634,0.61,Ideal,F,VVS,5.43,5.47
9046,1.37,Very Good,H,VS,7.08,7.12
2976,0.79,Ideal,F,SI,5.88,5.92
7665,1.01,Premium,G,VVS,6.36,6.34
8044,1.7,Premium,I,SI,7.65,7.55
599,0.26,Ideal,E,VVS,4.12,4.15
3003,0.65,Premium,D,VVS,5.69,5.63
4134,0.9,Very Good,E,VS,6.17,6.2
571,0.36,Ideal,G,SI,4.6,4.63
6060,1.06,Ideal,I,VS,6.5,6.57
8033,1.51,Ideal,J,VS,7.36,7.3
15245,2.07,Very Good,I,SI,8.2,8.1
977,0.31,Ideal,H,IF,4.4,4.38
1279,0.41,Ideal,E,VVS,4.8,4.77
619,0.3,Ideal,E,VS,4.28,4.2
671,0.31,Ideal,H,VVS,4.36,4.39
8901,1.25,Good,G,VS,6.87,6.92
4656,1.26,Ideal,J,SI,6.86,6.9
843,0.41,Ideal,I,VVS,4.68,4.75
1151,0.57,Very Good,I,SI,5.34,5.37
1013,0.3,Very Good,G,VVS,4.27,4.23
473,0.3,Very Good,H,VS,4.22,4.28
988,0.31,Ideal,G,IF,4.39,4.34
961,0.41,Ideal,G,VS,4.75,4.7
3990,0.9,Ideal,D,SI,6.1,6.15
3191,0.71,Ideal,E,VS,5.71,5.74
841,0.32,Ideal,D,VVS,4.42,4.44
7852,1.04,Premium,D,VS,6.51,6.48
4182,0.73,Ideal,G,VVS,5.77,5.8
14340,2,Very Good,H,SI,8.02,8.18
2107,0.55,Ideal,E,VS,5.27,5.24
765,0.34,Very Good,I,VVS,4.47,4.43
14603,1.7,Ideal,H,VVS,7.63,7.69
3012,0.72,Ideal,E,SI,5.77,5.8
687,0.31,Ideal,H,VVS,4.37,4.4
1847,0.57,Premium,F,VS,5.44,5.4
3235,0.73,Ideal,E,VS,5.73,5.76
17076,1.61,Ideal,G,VS,7.48,7.51
749,0.41,Good,F,VS,4.8,4.85
6620,1.22,Premium,H,SI,6.81,6.76
1071,0.3,Ideal,E,VVS,4.32,4.34
2618,0.66,Very Good,E,VS,5.64,5.69
430,0.28,Ideal,G,SI,4.25,4.28
2368,0.71,Very Good,E,SI,5.67,5.71
489,0.3,Ideal,J,IF,4.29,4.36
8877,1.21,Premium,F,VS,6.81,6.74
1708,0.56,Ideal,D,SI,5.32,5.35
4399,1.01,Very Good,E,SI,6.47,6.54
4630,1.06,Ideal,I,SI,6.64,6.6
1949,0.56,Ideal,H,VS,5.31,5.34
4958,0.95,Ideal,H,SI,6.31,6.35
8975,1.51,Good,I,VS,7.02,7.09
6072,1.03,Premium,E,VS,6.42,6.44
871,0.43,Premium,F,SI,4.88,4.83
5557,1.04,Very Good,D,SI,6.41,6.46
2076,0.61,Good,F,VS,5.39,5.41
3917,0.77,Very Good,F,VVS,5.89,5.92
1698,0.55,Premium,F,VS,5.26,5.22
4848,1.03,Very Good,I,SI,6.37,6.42
1197,0.53,Ideal,H,SI,5.2,5.24
2745,0.77,Premium,F,SI,5.97,5.93
10268,1.72,Ideal,G,SI,7.62,7.55
4900,1.03,Ideal,G,SI,6.54,6.5
2737,0.7,Premium,E,VS,5.7,5.64
1629,0.5,Ideal,E,VS,5.14,5.1
9823,1.53,Very Good,I,VS,7.5,7.54
10777,1.5,Ideal,E,SI,7.27,7.3
391,0.32,Ideal,I,SI,4.43,4.45
2131,0.67,Very Good,G,VS,5.56,5.61
1080,0.5,Ideal,F,SI,5.13,5.15
560,0.27,Very Good,F,IF,4.18,4.2
6652,1.2,Very Good,I,VS,6.75,6.79
4639,0.97,Premium,D,SI,6.29,6.25
7155,1.59,Ideal,J,SI,7.51,7.44
18104,2.04,Premium,H,VS,8.18,8.1
1608,0.5,Ideal,H,VVS,5.14,5.21
4284,1.5,Fair,J,I,6.94,6.87
540,0.3,Premium,H,SI,4.33,4.29
3918,1.1,Good,F,SI,6.48,6.45
3326,0.9,Fair,F,SI,6,5.95
8184,1.11,Very Good,G,SI,6.6,6.65
470,0.22,Premium,F,SI,3.9,3.85
14838,2.09,Ideal,I,SI,8.13,8.09
1115,0.41,Ideal,F,VVS,4.76,4.81
1175,0.55,Good,H,SI,5.18,5.23
844,0.3,Ideal,E,VS,4.32,4.28
8810,1.52,Premium,E,SI,7.2,7.13
1892,0.54,Ideal,D,VS,5.19,5.29
1551,0.55,Premium,E,SI,5.25,5.28
3977,0.97,Very Good,F,SI,6.41,6.47
813,0.31,Good,E,IF,4.22,4.28
675,0.3,Premium,G,VS,4.34,4.3
7421,1.36,Premium,E,SI,7.2,7.09
526,0.3,Good,G,VS,4.25,4.28
828,0.32,Ideal,F,VS,4.43,4.4
4514,1,Premium,H,VS,6.53,6.51
1068,0.51,Very Good,I,SI,5.05,5.12
1847,0.54,Ideal,G,VS,5.28,5.25
1153,0.41,Premium,E,VS,4.84,4.81
765,0.34,Very Good,G,VS,4.47,4.43
15011,1.69,Ideal,D,SI,7.69,7.71
14112,1.51,Very Good,D,VS,7.29,7.34
2791,0.87,Very Good,I,SI,6.07,6.1
13267,2.02,Premium,F,SI,8.09,8.05
2282,0.77,Premium,F,SI,5.9,5.85
1641,0.57,Very Good,G,VS,5.3,5.25
5221,1.11,Good,I,VVS,6.73,6.62
781,0.33,Ideal,D,VS,4.39,4.43
363,0.31,Good,J,SI,4.3,4.33
666,0.33,Premium,G,VS,4.42,4.46
475,0.3,Ideal,F,SI,4.28,4.3
2274,0.75,Very Good,F,SI,5.88,5.95
2123,0.71,Very Good,D,SI,5.79,5.84
552,0.27,Very Good,E,VVS,4.15,4.17
945,0.45,Premium,F,VS,4.93,4.87
1107,0.41,Premium,F,VS,4.73,4.69
3035,0.72,Very Good,E,VS,5.66,5.69
4586,1,Premium,F,SI,6.38,6.35
10668,1.5,Premium,H,VS,7.34,7.31
1130,0.48,Good,G,VS,5.06,5.11
811,0.37,Ideal,E,VS,4.55,4.6
877,0.4,Premium,H,VVS,4.75,4.79
2441,0.71,Premium,E,SI,5.87,5.84
1265,0.59,Ideal,F,SI,5.41,5.44
505,0.23,Ideal,F,VVS,3.94,3.95
3357,0.82,Ideal,D,SI,6.04,6
1033,0.34,Ideal,D,VS,4.53,4.5
4878,1.1,Very Good,I,VS,6.65,6.67
11602,1.28,Very Good,F,VVS,6.92,7.01
2117,0.56,Ideal,E,VS,5.33,5.28
2026,0.7,Good,E,SI,5.75,5.8
864,0.31,Ideal,E,VVS,4.38,4.39
707,0.31,Ideal,H,VVS,4.35,4.38
3234,1.05,Ideal,H,SI,6.59,6.55
5789,1.01,Very Good,F,SI,6.38,6.42
581,0.3,Very Good,H,VVS,4.27,4.34
1368,0.61,Ideal,E,SI,5.46,5.48
1009,0.39,Very Good,G,VS,4.67,4.63
5046,1.24,Very Good,I,SI,6.84,6.89
717,0.31,Ideal,H,VS,4.36,4.41
4724,1.02,Ideal,H,SI,6.56,6.55
842,0.4,Premium,I,VVS,4.76,4.79
12647,1.14,Very Good,E,IF,6.63,6.71
10065,1.09,Premium,G,IF,6.64,6.6
17213,2.14,Ideal,I,SI,8.21,8.26
7274,1.2,Premium,E,SI,6.86,6.8
7659,1.34,Ideal,H,SI,7.05,7.08
631,0.36,Ideal,E,SI,4.56,4.59
628,0.31,Very Good,H,VS,4.34,4.32
3208,0.7,Very Good,G,VVS,5.63,5.66
4039,1.02,Very Good,H,SI,6.41,6.53
1076,0.41,Ideal,F,VS,4.79,4.76
2960,0.64,Ideal,G,IF,5.52,5.56
956,0.51,Premium,J,SI,5.17,5.14
11323,1.26,Ideal,E,VS,6.97,6.93
6209,1,Premium,F,VS,6.42,6.34
1397,0.51,Ideal,H,VS,5.07,5.1
2162,0.51,Ideal,G,IF,5.17,5.19
614,0.35,Ideal,H,VS,4.54,4.56
5261,1.22,Ideal,I,SI,6.87,6.83
1902,0.51,Ideal,G,VVS,5.16,5.19
872,0.31,Ideal,E,VS,4.41,4.36
18059,2.2,Ideal,I,SI,8.41,8.37
719,0.39,Ideal,E,SI,4.69,4.72
3449,1.04,Very Good,I,SI,6.47,6.58
13287,1.52,Premium,G,VS,7.38,7.29
803,0.42,Premium,I,SI,4.8,4.76
523,0.31,Premium,I,SI,4.32,4.29
8584,1.24,Ideal,G,VS,6.89,6.92
8969,1.54,Premium,G,SI,7.42,7.35
2088,0.71,Ideal,D,SI,5.7,5.73
795,0.41,Premium,D,SI,4.8,4.78
9633,1.22,Ideal,F,VS,6.85,6.81
10725,1.5,Ideal,H,SI,7.38,7.4
4661,0.9,Ideal,D,SI,6.16,6.21
5338,0.7,Ideal,E,VVS,5.66,5.69
2001,0.73,Very Good,H,SI,5.77,5.8
912,0.4,Very Good,E,VS,4.73,4.74
1031,0.42,Ideal,G,VVS,4.77,4.8
12753,2.13,Premium,H,SI,8.26,8.19
1192,0.54,Ideal,G,SI,5.27,5.29
14245,1.85,Ideal,I,VVS,7.91,7.86
545,0.26,Very Good,G,VVS,4.1,4.13
5233,1.12,Premium,G,SI,6.78,6.83
2316,0.7,Very Good,I,VS,5.79,5.82
16657,2.21,Premium,F,SI,8.53,8.49
3357,0.77,Premium,F,VS,5.82,5.88
334,0.29,Premium,I,VS,4.2,4.23
1234,0.58,Ideal,E,SI,5.29,5.34
1859,0.51,Ideal,G,VVS,5.11,5.15
1223,0.5,Good,F,SI,5.07,5.11
840,0.31,Ideal,D,VVS,4.34,4.38
2868,0.79,Premium,E,SI,5.96,5.9
2368,0.71,Very Good,G,SI,5.65,5.68
2565,0.78,Very Good,E,SI,5.84,5.9
1356,0.41,Ideal,D,VVS,4.76,4.74
695,0.31,Ideal,F,VS,4.33,4.36
2563,0.72,Good,F,SI,5.67,5.62
1098,0.51,Very Good,E,SI,5.19,5.22
828,0.32,Premium,F,VS,4.44,4.41
9366,1.22,Ideal,H,VVS,6.83,6.87
587,0.39,Ideal,F,SI,4.68,4.71
1449,0.5,Ideal,G,VS,5.04,5.07
3880,0.82,Ideal,G,VS,5.99,6.03
691,0.43,Very Good,I,SI,4.86,4.89
593,0.31,Premium,D,SI,4.35,4.31
9188,1.24,Ideal,G,VS,6.87,6.84
3519,0.9,Very Good,F,SI,6.27,6.34
1819,0.5,Ideal,D,VS,5.09,5.05
4969,0.91,Premium,D,VS,6.23,6.19
408,0.31,Good,G,SI,4.31,4.33
1114,0.3,Premium,F,VVS,4.28,4.24
3256,0.91,Ideal,J,VS,6.18,6.22
8820,1.75,Premium,F,SI,7.97,7.92
1911,0.52,Ideal,G,VVS,5.18,5.2
449,0.32,Ideal,I,VS,4.37,4.4
8951,1.39,Very Good,H,VS,7.27,7.33
1689,0.52,Ideal,G,VS,5.14,5.16
642,0.28,Very Good,F,VVS,4.13,4.17
13587,2.01,Good,I,SI,7.94,7.85
802,0.31,Very Good,G,VS,4.33,4.29
2530,0.74,Premium,H,VS,5.88,5.92
10357,1.58,Ideal,J,VVS,7.48,7.5
1142,0.42,Ideal,F,VVS,4.79,4.81
3536,1,Good,J,SI,6.54,6.58
589,0.32,Good,D,SI,4.31,4.35
1824,0.4,Ideal,E,VVS,4.76,4.74
4712,1.02,Ideal,E,SI,6.5,6.53
742,0.43,Ideal,F,SI,4.88,4.91
3620,0.73,Premium,D,VS,5.86,5.9
1087,0.42,Premium,G,VS,4.8,4.76
1652,0.59,Very Good,E,SI,5.31,5.34
9067,1.52,Ideal,I,SI,7.38,7.45
916,0.43,Ideal,I,VVS,4.86,4.9
526,0.25,Very Good,E,VVS,4.08,4.11
3142,1,Fair,G,SI,6.21,6.12
5551,1.07,Ideal,G,SI,6.52,6.56
1286,0.5,Very Good,G,SI,5.1,5.06
2651,0.72,Very Good,E,SI,5.83,5.85
554,0.32,Ideal,I,SI,4.47,4.42
14033,1.2,Ideal,D,VVS,6.8,6.82
5055,1.02,Premium,D,SI,6.46,6.38
605,0.3,Ideal,G,VS,4.37,4.41
3763,0.91,Very Good,G,SI,6.2,6.14
10775,1.51,Premium,H,VS,7.32,7.26
1572,0.59,Ideal,D,SI,5.41,5.38
3564,0.72,Ideal,F,VS,5.72,5.74
972,0.32,Ideal,D,VS,4.46,4.42
4853,1.01,Fair,E,SI,6,5.94
2572,0.71,Premium,H,VS,5.87,5.83
1218,0.43,Ideal,I,VS,4.88,4.9
719,0.41,Premium,G,SI,4.71,4.73
3977,0.9,Very Good,F,SI,6.2,6.1
4471,1.06,Very Good,D,SI,6.57,6.63
700,0.38,Very Good,H,VS,4.68,4.7
1229,0.4,Ideal,G,IF,4.74,4.76
2671,0.7,Ideal,F,SI,5.74,5.78
4819,1.23,Ideal,F,SI,6.83,6.8
625,0.35,Ideal,D,SI,4.5,4.47
4764,1.03,Very Good,G,SI,6.43,6.38
6419,1.25,Ideal,I,VS,6.87,6.92
7587,1.15,Ideal,G,VS,6.74,6.76
3127,0.73,Ideal,G,VVS,5.81,5.75
1286,0.53,Very Good,I,VS,5.18,5.21
1750,0.51,Good,G,VVS,5.07,5.11
571,0.31,Good,D,SI,4.27,4.3
9225,1.3,Ideal,G,VS,7.04,7.01
6038,0.99,Ideal,F,SI,6.33,6.4
4228,0.92,Very Good,H,VS,6.17,6.2
10424,1.5,Very Good,H,VS,7.34,7.43
10096,1.49,Premium,H,SI,7.35,7.31
10577,1.1,Premium,E,VVS,6.76,6.69
8418,1.6,Ideal,J,SI,7.48,7.42
6140,1.29,Premium,I,SI,7.03,6.96
4540,1.02,Very Good,E,SI,6.31,6.4
9803,1.23,Very Good,G,VVS,6.77,6.82
3557,0.91,Ideal,G,SI,6.21,6.24
809,0.32,Ideal,F,VVS,4.37,4.42
7887,1.01,Ideal,F,VS,6.46,6.42
3610,0.75,Ideal,F,SI,5.87,5.9
2573,0.71,Very Good,E,SI,5.66,5.7
1134,0.55,Premium,E,SI,5.37,5.31
969,0.38,Ideal,F,VS,4.65,4.6
18423,2.03,Premium,G,SI,8.11,8.08
1011,0.49,Premium,H,SI,5.17,5.12
10329,1.1,Very Good,F,VVS,6.56,6.69
1838,0.59,Ideal,I,VVS,5.38,5.39
4626,1,Premium,D,SI,6.56,6.48
9463,1.01,Ideal,F,VVS,6.36,6.4
7345,1.59,Very Good,I,SI,7.46,7.5
13724,1.56,Ideal,G,SI,7.51,7.55
3415,1.07,Good,F,I,6.42,6.37
8959,1.1,Ideal,D,VS,6.58,6.61
18281,1.62,Ideal,F,VS,7.52,7.58
3744,0.92,Good,E,SI,6.11,6.19
888,0.45,Ideal,H,VS,4.92,4.95
2548,0.72,Ideal,H,VS,5.76,5.82
6439,1.23,Ideal,H,SI,6.96,6.92
1861,0.61,Very Good,G,VS,5.44,5.47
8419,2.68,Premium,G,I,9.11,9.07
16506,2.05,Premium,G,SI,8.3,8.2
14031,1.59,Ideal,H,VS,7.49,7.53
1044,0.41,Ideal,F,VVS,4.77,4.81
5627,1.06,Very Good,H,VS,6.57,6.49
2567,0.58,Ideal,F,VVS,5.32,5.36
2680,0.71,Ideal,E,SI,5.69,5.72
5749,1.01,Premium,E,SI,6.47,6.44
15092,2.2,Ideal,I,VS,8.41,8.37
1124,0.37,Ideal,D,VS,4.64,4.6
2596,0.73,Ideal,I,VS,5.79,5.83
4404,1.51,Premium,H,I,7.38,7.26
6084,1.25,Ideal,J,VVS,6.94,6.91
981,0.41,Good,E,VS,4.66,4.63
3218,0.77,Ideal,E,SI,5.91,5.87
3555,0.92,Premium,G,SI,6.36,6.34
789,0.3,Very Good,G,VVS,4.22,4.27
2333,0.96,Good,I,I,6.34,6.26
8943,1.53,Ideal,J,VS,7.34,7.38
16904,2.26,Ideal,I,SI,8.43,8.37
680,0.31,Premium,E,VS,4.31,4.33
2693,0.9,Very Good,J,SI,6.15,6.18
3713,1,Very Good,G,SI,6.33,6.23
895,0.3,Premium,E,VVS,4.35,4.38
1196,0.6,Premium,D,SI,5.43,5.35
503,0.3,Ideal,H,VS,4.31,4.34
2742,0.71,Ideal,H,VVS,5.67,5.7
1404,0.54,Very Good,F,SI,5.28,5.39
18426,2,Premium,E,SI,8.12,8.05
7817,1.41,Premium,F,SI,7.21,7.15
1089,0.44,Premium,D,SI,4.85,4.82
932,0.41,Very Good,G,VVS,4.8,4.82
4438,1.19,Premium,I,SI,6.87,6.83
8465,1.23,Ideal,G,VS,6.89,6.86
568,0.36,Premium,H,VS,4.58,4.62
8481,1.08,Ideal,D,VS,6.54,6.57
13812,2.18,Very Good,J,SI,8.21,8.25
10086,1.74,Very Good,H,SI,7.65,7.78
1261,0.4,Ideal,F,IF,4.74,4.8
1624,0.5,Very Good,E,VS,5.09,5.13
2189,0.58,Very Good,F,VVS,5.37,5.27
2121,0.7,Good,F,SI,5.56,5.67
956,0.3,Premium,G,IF,4.32,4.29
2484,0.7,Ideal,H,VS,5.66,5.72
1417,0.56,Ideal,G,SI,5.34,5.37
4328,1.03,Premium,E,SI,6.49,6.45
3497,0.74,Ideal,E,SI,5.85,5.89
1546,0.51,Ideal,E,SI,5.12,5.07
4289,0.71,Good,D,VS,5.7,5.75
1845,0.5,Ideal,D,VS,5.08,5.05
1377,0.39,Ideal,F,IF,4.72,4.75
731,0.43,Very Good,J,VS,4.86,4.9
1940,0.7,Ideal,J,VS,5.71,5.65
3192,0.76,Premium,E,VS,6.01,5.97
552,0.3,Ideal,D,SI,4.31,4.35
2660,0.61,Ideal,F,VVS,5.44,5.49
1749,0.7,Fair,I,SI,5.6,5.56
880,0.34,Ideal,F,VS,4.48,4.46
18259,2.01,Ideal,G,SI,8.13,8.1
10311,1.4,Ideal,G,VS,7.2,7.25
596,0.4,Ideal,H,SI,4.71,4.73
6479,1.02,Very Good,F,VS,6.47,6.5
1895,0.51,Very Good,G,VVS,5.07,5.04
2149,0.71,Fair,F,SI,5.84,5.87
1343,0.51,Premium,E,SI,5.11,5.15
3307,0.53,Very Good,D,VVS,5.21,5.26
683,0.41,Ideal,E,SI,4.81,4.85
563,0.29,Very Good,F,VVS,4.26,4.3
874,0.31,Ideal,F,IF,4.3,4.34
17053,2.32,Premium,J,VS,8.48,8.4
446,0.31,Very Good,H,SI,4.33,4.4
13500,2.09,Very Good,I,SI,8.04,8.12
1806,0.5,Premium,G,VVS,5.1,5.07
1609,0.55,Very Good,F,VS,5.19,5.23
610,0.33,Ideal,H,VS,4.39,4.42
1179,0.42,Ideal,G,VVS,4.82,4.87
7788,1.06,Ideal,E,VS,6.59,6.51
2241,0.72,Ideal,F,SI,5.72,5.75
7751,1.13,Premium,D,VS,6.7,6.65
449,0.32,Ideal,I,VS,4.44,4.45
628,0.38,Ideal,E,SI,4.64,4.69
8446,1.21,Premium,H,IF,6.83,6.8
758,0.32,Ideal,D,VS,4.39,4.43
2277,0.72,Good,H,SI,5.63,5.68
12683,2.01,Very Good,J,VS,7.88,8
7485,1.07,Ideal,G,VS,6.56,6.59
5974,1.03,Ideal,F,SI,6.47,6.5
432,0.3,Good,H,SI,4.27,4.29
1792,0.55,Ideal,G,VS,5.28,5.25
1322,0.53,Very Good,F,SI,5.16,5.22
1682,0.5,Very Good,D,VS,5.07,5.12
873,0.3,Ideal,F,IF,4.37,4.46
10832,1.59,Ideal,H,SI,7.53,7.59
17659,1.52,Ideal,D,VS,7.4,7.46
1815,0.57,Ideal,G,VS,5.38,5.41
1769,0.53,Ideal,G,VS,5.15,5.2
7523,1.05,Ideal,G,VS,6.54,6.59
965,0.33,Ideal,H,VVS,4.48,4.46
802,0.31,Ideal,H,VVS,4.37,4.32
658,0.3,Ideal,E,VS,4.3,4.34
445,0.34,Good,E,SI,4.46,4.51
2293,0.7,Very Good,G,SI,5.64,5.7
526,0.3,Good,E,SI,4.21,4.27
596,0.28,Very Good,E,VVS,4.18,4.22
11194,1.74,Ideal,J,VS,7.85,7.79
2177,0.57,Ideal,E,VS,5.31,5.34
658,0.3,Ideal,E,VS,4.3,4.34
895,0.3,Premium,G,IF,4.29,4.32
687,0.4,Good,E,SI,4.66,4.69
7826,1.05,Good,E,VS,6.45,6.49
3461,1.03,Ideal,F,SI,6.44,6.4
789,0.31,Ideal,G,VVS,4.35,4.37
7729,1.22,Premium,G,VS,6.81,6.91
7809,1.56,Ideal,J,VS,7.39,7.46
1721,0.53,Ideal,E,VS,5.24,5.3
799,0.27,Ideal,D,VVS,4.18,4.15
1153,0.41,Premium,E,VS,4.75,4.73
499,0.3,Ideal,E,SI,4.27,4.29
1268,0.53,Ideal,F,SI,5.18,5.21
5450,0.9,Ideal,E,SI,6.18,6.2
5113,1,Very Good,E,SI,6.28,6.32
1332,0.5,Ideal,D,SI,5.1,5.06
4770,1.21,Premium,J,SI,6.89,6.86
470,0.27,Very Good,E,VS,4.07,4.11
763,0.3,Good,E,VVS,4.45,4.48
4200,1.04,Very Good,G,SI,6.52,6.58
10479,1.63,Premium,I,VS,7.62,7.59
675,0.3,Good,G,VS,4.28,4.27
1276,0.58,Ideal,G,SI,5.38,5.42
8396,1.51,Ideal,I,SI,7.52,7.46
10291,1.5,Good,H,VS,7.22,7.27
674,0.41,Ideal,J,VS,4.75,4.79
4517,1.06,Good,J,VS,6.43,6.51
2590,0.72,Ideal,E,SI,5.76,5.72
3724,0.9,Very Good,F,SI,6.14,6.2
4911,1.13,Ideal,H,SI,6.68,6.72
972,0.46,Fair,I,VS,4.85,4.82
13610,2.01,Premium,F,SI,8.26,8.24
1244,0.52,Very Good,F,SI,5.28,5.3
2756,0.73,Ideal,I,VS,5.82,5.84
1641,0.52,Very Good,E,VS,5.07,5.12
489,0.3,Ideal,J,IF,4.32,4.33
12253,1.2,Very Good,E,VVS,6.98,6.96
522,0.35,Premium,G,SI,4.57,4.59
1613,0.54,Ideal,E,VS,5.24,5.26
2954,0.72,Ideal,D,SI,5.75,5.78
923,0.41,Premium,G,SI,4.8,4.77
990,0.46,Ideal,G,SI,4.97,4.99
900,0.32,Ideal,E,VS,4.41,4.38
2777,0.7,Premium,E,SI,5.77,5.74
4967,1.1,Good,I,VS,6.61,6.45
896,0.4,Ideal,H,SI,4.75,4.77
801,0.33,Very Good,F,VVS,4.44,4.46
4336,0.74,Good,F,VVS,6.03,6.06
6494,1.18,Ideal,I,VVS,6.99,6.92
630,0.35,Premium,E,SI,4.56,4.52
485,0.24,Very Good,E,VVS,3.95,3.99
4497,1.01,Premium,F,SI,6.45,6.4
709,0.39,Very Good,G,SI,4.65,4.7
1147,0.58,Very Good,J,VS,5.41,5.44
9176,1.58,Ideal,I,SI,7.45,7.51
734,0.31,Ideal,D,VS,4.34,4.36
558,0.31,Ideal,E,SI,4.44,4.41
9424,1.53,Premium,J,IF,7.41,7.45
473,0.3,Ideal,I,VS,4.31,4.36
666,0.33,Ideal,F,VS,4.44,4.46
1129,0.43,Ideal,I,IF,4.85,4.83
2266,0.71,Very Good,G,SI,5.66,5.71
2384,0.7,Fair,G,VS,5.57,5.5
622,0.4,Good,D,SI,4.68,4.71
1105,0.42,Very Good,E,VS,4.81,4.85
1123,0.4,Ideal,G,VVS,4.75,4.76
15238,2.2,Premium,I,SI,8.22,8.19
5516,1.06,Ideal,I,VS,6.61,6.66
11113,1.75,Ideal,F,SI,7.71,7.59
772,0.44,Premium,G,SI,4.82,4.87
811,0.37,Ideal,E,VS,4.59,4.62
912,0.41,Very Good,D,VS,4.78,4.82
3977,1,Premium,F,SI,6.35,6.31
5669,1.06,Ideal,H,VS,6.63,6.6
14507,1.51,Premium,G,VS,7.28,7.19
4672,1.01,Premium,D,SI,6.67,6.63
5058,1,Premium,F,SI,6.49,6.55
8413,1.06,Ideal,E,VS,6.49,6.52
2842,0.7,Premium,F,VS,5.8,5.72
2400,0.58,Very Good,D,VVS,5.28,5.35
4190,1.04,Very Good,I,SI,6.35,6.38
1117,0.38,Premium,D,VS,4.74,4.71
4368,1.2,Ideal,H,SI,6.9,6.81
689,0.34,Very Good,H,VS,4.5,4.46
621,0.3,Ideal,F,VS,4.32,4.36
1940,0.49,Premium,D,VVS,5.26,5.14
612,0.41,Ideal,F,SI,4.78,4.8
3803,0.9,Premium,F,SI,6.31,6.26
421,0.3,Very Good,E,SI,4.25,4.29
622,0.3,Very Good,E,VVS,4.37,4.43
2215,0.71,Good,D,SI,5.64,5.59
589,0.34,Ideal,I,SI,4.49,4.45
4237,1.07,Very Good,I,SI,6.55,6.6
1614,0.61,Premium,D,SI,5.37,5.34
475,0.3,Ideal,F,SI,4.3,4.34
18068,2.29,Very Good,I,SI,8.44,8.51
769,0.26,Ideal,D,VVS,4.15,4.12
3721,0.77,Ideal,D,VS,5.84,5.9
7059,1.14,Ideal,H,VS,6.71,6.72
3997,0.9,Premium,D,SI,6.1,6.06
4537,1.1,Very Good,I,SI,6.54,6.59
1849,0.5,Very Good,F,VS,5.05,5.14
6708,1.1,Very Good,F,VS,6.56,6.6
2381,0.7,Ideal,F,VS,5.72,5.69
413,0.3,Ideal,J,VVS,4.3,4.34
891,0.31,Ideal,G,IF,4.38,4.4
568,0.3,Good,E,VS,4.26,4.29
844,0.3,Ideal,G,IF,4.28,4.31
726,0.44,Ideal,J,VVS,4.88,4.91
842,0.4,Ideal,F,VS,4.68,4.74
3990,0.93,Ideal,E,SI,6.27,6.29
5241,1.03,Ideal,G,SI,6.58,6.54
1174,0.34,Ideal,F,VVS,4.5,4.53
3345,0.77,Ideal,D,SI,5.86,5.91
720,0.4,Good,D,SI,4.69,4.73
2116,0.55,Ideal,G,VVS,5.24,5.27
1877,0.61,Very Good,H,VVS,5.4,5.42
653,0.38,Ideal,E,SI,4.64,4.67
1002,0.33,Premium,D,VS,4.5,4.46
14208,2,Fair,G,SI,7.75,7.7
9155,1.53,Premium,J,VVS,7.37,7.4
631,0.33,Premium,D,SI,4.42,4.41
10659,1.53,Premium,H,SI,7.45,7.4
760,0.27,Ideal,F,IF,4.16,4.2
12968,1.52,Very Good,G,VS,7.27,7.32
4536,1.08,Ideal,H,SI,6.68,6.63
2515,0.7,Ideal,G,VS,5.77,5.7
5461,1.21,Premium,H,VS,6.82,6.78
3271,0.67,Ideal,G,IF,5.61,5.65
530,0.23,Very Good,E,VVS,3.93,3.98
807,0.35,Ideal,G,VS,4.55,4.58
4739,0.91,Premium,E,VS,6.2,6.18
6272,1.6,Fair,F,SI,7.35,7.26
1821,0.61,Good,H,VVS,5.44,5.48
530,0.23,Very Good,F,VVS,3.94,3.97
1430,0.49,Good,F,VS,5.17,5.21
6028,1,Good,G,VS,6.34,6.28
1427,0.52,Good,F,SI,4.92,4.98
561,0.32,Very Good,E,SI,4.34,4.39
2923,0.7,Very Good,E,SI,5.63,5.69
17760,2,Premium,E,SI,8.14,8.06
3160,0.9,Very Good,H,SI,6.23,6.27
9738,1.24,Premium,D,VS,7.03,7.09
599,0.36,Ideal,H,VS,4.58,4.63
6666,1.2,Ideal,H,VS,6.86,6.81
6019,1.2,Very Good,H,SI,6.78,6.91
1944,0.54,Premium,H,VVS,5.25,5.2
899,0.41,Very Good,G,VS,4.76,4.8
3680,0.76,Ideal,F,VS,5.83,5.87
8796,1.1,Premium,D,VS,6.81,6.77
2618,0.72,Very Good,E,SI,5.68,5.72
4284,0.9,Ideal,F,SI,6.25,6.2
5171,1.08,Premium,H,SI,6.56,6.53
1143,0.54,Premium,J,VS,5.22,5.16
2861,0.66,Premium,D,VS,5.67,5.57
11530,1.2,Ideal,G,VVS,6.86,6.91
2765,0.63,Premium,E,VVS,5.52,5.55
12152,1.5,Very Good,H,VS,7.39,7.42
3234,0.7,Premium,G,VVS,5.68,5.62
5096,1,Premium,H,VS,6.44,6.38
2663,0.76,Very Good,H,SI,5.88,5.91
2717,0.7,Premium,H,VVS,5.83,5.78
2012,0.78,Ideal,H,SI,5.89,5.85
1709,0.54,Ideal,H,VS,5.21,5.25
8541,1.51,Very Good,H,SI,7.31,7.22
557,0.33,Premium,G,SI,4.42,4.4
3374,0.72,Very Good,E,VVS,5.87,5.83
1974,0.51,Very Good,G,VVS,5.11,5.07
4258,0.9,Very Good,H,VS,6.1,6.14
7835,1.59,Very Good,I,SI,7.51,7.56
4096,1.06,Premium,I,SI,6.6,6.56
601,0.35,Good,D,SI,4.5,4.53
561,0.32,Very Good,H,VS,4.37,4.41
4559,1.01,Ideal,H,SI,6.42,6.47
18028,2.26,Very Good,D,SI,8.47,8.38
625,0.31,Very Good,G,VS,4.3,4.32
3668,0.78,Very Good,D,VS,5.85,5.91
3810,1.04,Very Good,J,SI,6.37,6.42
2406,0.62,Ideal,F,VS,5.46,5.5
857,0.3,Ideal,F,VVS,4.3,4.34
18007,2.25,Premium,D,SI,8.54,8.48
1111,0.52,Premium,F,SI,5.12,5.16
3828,0.93,Ideal,F,SI,6.37,6.33
3310,0.73,Ideal,E,VS,5.79,5.82
487,0.28,Very Good,E,VS,4.11,4.15
15806,1.28,Premium,E,IF,7.1,7.07
475,0.3,Ideal,F,SI,4.3,4.32
6546,1.26,Very Good,H,SI,6.97,7
2123,0.52,Ideal,F,VS,5.19,5.22
2111,0.7,Ideal,I,VS,5.7,5.75
2036,1.01,Fair,E,I,6.31,6.22
4805,1,Good,G,VS,6.38,6.31
3112,0.71,Very Good,E,VS,5.78,5.82
2823,0.71,Ideal,E,SI,5.77,5.73
14256,1.5,Very Good,E,VS,7.32,7.41
1345,0.56,Premium,G,SI,5.28,5.26
2381,0.71,Premium,F,SI,5.69,5.62
505,0.32,Good,I,VS,4.38,4.42
605,0.3,Very Good,F,VS,4.24,4.29
361,0.27,Ideal,G,SI,4.14,4.18
5080,0.9,Ideal,G,VS,6.18,6.13
6030,1.25,Ideal,H,SI,6.89,6.94
491,0.35,Premium,E,SI,4.52,4.56
6250,1.22,Good,H,SI,6.84,6.77
13873,1.61,Ideal,H,VS,7.48,7.52
425,0.23,Good,D,VVS,3.91,3.95
523,0.31,Very Good,G,SI,4.34,4.29
533,0.32,Ideal,J,IF,4.4,4.44
9818,1.55,Very Good,H,SI,7.41,7.47
2771,0.73,Very Good,F,SI,5.79,5.82
2344,0.62,Ideal,F,VS,5.46,5.19
485,0.24,Very Good,D,VVS,4.02,4.04
6210,1,Fair,F,VS,6.24,6.33
2040,0.63,Ideal,H,VS,5.5,5.55
622,0.4,Good,D,SI,4.65,4.67
5326,1.14,Premium,G,SI,6.64,6.7
9659,1.54,Premium,I,VS,7.61,7.53
6127,1.19,Very Good,G,SI,6.71,6.77
1698,0.56,Ideal,I,VVS,5.29,5.26
1676,0.5,Ideal,E,VS,5.08,5.04
1813,0.54,Very Good,F,VS,5.24,5.25
3059,0.81,Very Good,E,SI,5.87,5.9
4293,0.85,Very Good,F,VS,6.08,6.14
2015,0.57,Good,D,VS,5.42,5.45
1576,0.52,Ideal,E,VS,5.18,5.2
1436,0.5,Very Good,F,VS,5.19,5.22
1818,0.62,Very Good,I,VS,5.5,5.53
1629,0.5,Very Good,E,VS,5.09,5.06
3584,1,Fair,I,SI,6.23,6.14
605,0.3,Ideal,G,VS,4.31,4.34
861,0.48,Ideal,J,VS,5.01,5.06
992,0.7,Fair,F,I,5.54,5.49
12822,1.81,Very Good,I,VS,7.68,7.77
790,0.32,Ideal,D,VS,4.41,4.43
6403,1.47,Premium,I,SI,7.29,7.32
9547,1.23,Ideal,F,VS,6.94,6.9
743,0.42,Very Good,E,SI,4.85,4.88
878,0.3,Good,G,VVS,4.27,4.23
667,0.4,Very Good,D,SI,4.64,4.67
810,0.36,Ideal,E,SI,4.58,4.53
1721,0.53,Ideal,E,VS,5.17,5.2
2706,0.76,Ideal,D,SI,5.85,5.83
4457,1.01,Good,D,SI,6.33,6.37
14293,1.52,Premium,G,VS,7.37,7.4
666,0.33,Ideal,H,VVS,4.44,4.46
2211,0.63,Very Good,D,SI,5.49,5.44
5787,1.01,Premium,G,VS,6.45,6.41
7528,1.01,Good,E,VS,6.32,6.41
1590,0.56,Very Good,G,VS,5.23,5.28
862,0.3,Ideal,E,VVS,4.32,4.34
14543,2.51,Premium,H,SI,8.81,8.77
10924,1.53,Premium,I,VS,7.34,7.3
3002,0.89,Good,H,SI,6.04,6.09
4824,1,Good,G,SI,6.27,6.22
7761,1.12,Premium,F,VS,6.65,6.75
571,0.31,Ideal,D,SI,4.32,4.37
844,0.3,Ideal,E,VS,4.33,4.31
3894,0.9,Ideal,G,SI,6.24,6.29
504,0.35,Good,H,SI,4.51,4.53
526,0.3,Premium,I,VVS,4.3,4.36
730,0.32,Ideal,G,VVS,4.38,4.41
2830,0.53,Ideal,F,VVS,5.16,5.19
760,0.41,Good,E,SI,4.85,4.87
1822,0.52,Ideal,D,VS,5.15,5.2
3898,1.05,Premium,G,SI,6.66,6.58
4162,1.02,Very Good,F,SI,6.33,6.42
4437,1.15,Good,F,SI,6.65,6.6
2107,0.7,Very Good,H,SI,5.64,5.68
1027,0.45,Fair,G,VS,4.82,4.65
4865,1.01,Good,H,SI,6.32,6.29
3864,1.5,Good,F,I,7.29,7.18
982,0.4,Premium,F,VS,4.76,4.8
3077,0.79,Very Good,E,SI,5.97,5.99
540,0.3,Premium,H,SI,4.31,4.29
4645,1.02,Ideal,E,SI,6.43,6.4
544,0.31,Good,E,SI,4.31,4.33
526,0.3,Premium,I,VVS,4.28,4.33
1320,0.48,Very Good,E,VS,5.07,5.12
984,0.35,Ideal,H,IF,4.59,4.56
1427,0.41,Ideal,D,VS,4.8,4.83
1721,0.5,Ideal,G,VS,5.12,5.07
1080,0.36,Premium,F,VS,4.56,4.53
4038,1.01,Premium,G,SI,6.39,6.36
7673,1.7,Premium,H,SI,7.66,7.55
7951,1.04,Ideal,G,VS,6.47,6.52
2771,0.71,Ideal,G,VS,5.73,5.77
686,0.34,Very Good,F,VS,4.46,4.48
1090,0.52,Ideal,G,SI,5.16,5.19
2352,0.56,Ideal,E,VS,5.43,5.4
2961,0.73,Premium,F,VS,5.81,5.76
18371,2,Premium,H,SI,7.98,7.93
2441,0.72,Very Good,I,VS,5.63,5.71
1163,0.4,Ideal,F,VVS,4.73,4.66
9271,1.73,Premium,J,SI,7.78,7.73
4184,0.65,Ideal,E,IF,5.52,5.56
6672,1.01,Ideal,F,VS,6.5,6.56
8896,1.71,Very Good,I,SI,7.59,7.54
719,0.3,Very Good,D,VVS,4.39,4.41
2346,0.73,Premium,F,SI,5.78,5.71
9240,1.5,Premium,F,SI,7.3,7.36
17095,2.07,Ideal,G,SI,8.23,8.13
9831,1.08,Ideal,G,IF,6.55,6.59
2512,0.7,Premium,D,SI,5.74,5.7
9901,1.7,Premium,J,VS,7.66,7.62
5699,1.2,Ideal,I,VS,6.73,6.68
721,0.27,Very Good,D,VVS,4.18,4.21
900,0.32,Premium,E,VS,4.41,4.38
3296,0.91,Ideal,J,VS,6.26,6.23
9954,1.21,Ideal,G,VVS,6.92,7.01
3581,0.8,Ideal,H,VS,5.92,5.95
695,0.37,Very Good,H,VS,4.66,4.7
2617,0.7,Ideal,E,SI,5.75,5.78
1884,0.58,Ideal,E,VS,5.39,5.41
436,0.25,Ideal,F,VS,4.07,4.09
477,0.32,Ideal,D,SI,4.47,4.5
7392,1,Premium,D,VS,6.55,6.47
803,0.45,Premium,G,SI,4.96,4.86
9301,1.51,Premium,I,VS,7.36,7.4
17605,1.72,Premium,G,VS,7.82,7.86
1020,0.32,Ideal,E,VVS,4.45,4.42
692,0.41,Premium,I,SI,4.79,4.76
1994,0.59,Ideal,E,SI,5.41,5.43
2010,0.7,Premium,H,VS,5.66,5.68
2234,0.7,Premium,F,SI,5.82,5.77
663,0.36,Ideal,D,SI,4.54,4.59
11792,2,Very Good,J,SI,8.09,8.13
4926,1.21,Fair,E,SI,6.62,6.56
3622,0.8,Ideal,E,SI,5.95,5.97
675,0.3,Very Good,H,VS,4.25,4.22
1637,0.54,Good,G,VS,5.42,5.4
6686,1.31,Very Good,I,SI,6.97,6.86
7480,1.32,Ideal,I,VS,7.06,7.12
10020,1.51,Premium,H,SI,7.43,7.39
4964,1.02,Very Good,D,SI,6.38,6.46
5476,1.03,Ideal,E,SI,6.43,6.48
13075,1.51,Premium,H,IF,7.41,7.44
2723,1,Fair,G,I,6.39,6.28
631,0.33,Ideal,D,SI,4.44,4.41
2961,0.74,Ideal,H,VVS,5.79,5.85
12626,1.51,Ideal,G,VS,7.43,7.39
8869,1.01,Ideal,G,IF,6.44,6.47
767,0.39,Very Good,J,VVS,4.85,4.9
663,0.36,Premium,D,SI,4.56,4.59
427,0.32,Ideal,E,SI,4.4,4.43
2042,0.74,Premium,E,SI,5.83,5.79
10091,1.7,Premium,G,SI,7.79,7.72
7094,1.16,Fair,F,VS,6.97,6.84
965,0.3,Good,F,VVS,4.24,4.17
5351,1,Very Good,E,SI,6.39,6.42
2264,0.7,Very Good,F,SI,5.59,5.64
6169,1.02,Ideal,G,VS,6.5,6.48
4004,0.9,Good,F,SI,6.22,6.26
415,0.29,Good,F,VS,4.24,4.26
625,0.31,Premium,F,VS,4.32,4.35
5027,1.05,Ideal,H,SI,6.52,6.43
3494,0.8,Ideal,G,VS,5.95,6
1055,0.45,Ideal,G,VS,4.83,4.88
1018,0.46,Ideal,F,SI,4.94,4.92
3843,0.92,Good,D,SI,6.29,6.38
5436,1.07,Premium,F,SI,6.57,6.52
1180,0.41,Ideal,F,VS,4.76,4.79
10235,1.51,Premium,G,SI,7.28,7.32
983,0.5,Very Good,G,SI,5.16,5.21
789,0.31,Ideal,G,VVS,4.34,4.36
4023,1.01,Very Good,H,SI,6.29,6.38
710,0.3,Premium,D,VS,4.32,4.35
11161,1.51,Premium,H,VS,7.29,7.34
5975,1.25,Very Good,I,VS,6.74,6.95
5988,1.01,Good,F,VS,6.33,6.36
984,0.35,Premium,F,VS,4.58,4.54
5976,1.24,Ideal,I,SI,6.94,6.91
7037,1.01,Very Good,F,VS,6.45,6.51
833,0.37,Premium,G,VS,4.71,4.67
1024,0.35,Premium,H,VVS,4.52,4.46
12416,1.71,Ideal,H,SI,7.63,7.74
4479,0.98,Very Good,H,SI,6.31,6.36
4779,1.27,Ideal,J,SI,6.88,6.85
10333,1.09,Ideal,E,VVS,6.66,6.7
3731,0.98,Very Good,H,SI,6.33,6.39
1016,0.43,Ideal,E,SI,4.82,4.78
1902,0.71,Good,G,SI,5.82,5.77
15509,2.19,Ideal,I,SI,8.31,8.44
3689,0.9,Good,D,SI,6.1,6.04
1265,0.51,Very Good,E,SI,5.21,5.26
523,0.31,Very Good,I,SI,4.32,4.3
1017,0.4,Ideal,H,VVS,4.74,4.81
2985,0.7,Very Good,D,VS,5.62,5.69
17710,2,Ideal,F,SI,8.03,8.1
1172,0.55,Very Good,J,VS,5.29,5.34
2434,0.73,Very Good,G,SI,5.82,5.85
15987,2.02,Premium,H,VS,8.16,8.11
4743,1.01,Very Good,H,SI,6.36,6.34
2733,0.52,Ideal,F,IF,5.13,5.17
969,0.41,Very Good,F,SI,4.72,4.69
2920,0.72,Ideal,F,SI,5.78,5.85
842,0.32,Ideal,G,VVS,4.39,4.4
11716,1.24,Very Good,F,VVS,6.75,6.84
420,0.26,Very Good,D,VS,4.13,4.16
681,0.4,Good,H,SI,4.7,4.73
5717,0.91,Ideal,D,SI,6.27,6.3
8943,1.01,Good,D,VVS,6.32,6.35
6021,1,Very Good,F,VS,6.58,6.47
933,0.38,Very Good,D,VS,4.62,4.66
1758,0.51,Ideal,E,VS,5.14,5.1
1692,0.55,Very Good,F,VS,5.25,5.29
544,0.31,Premium,I,VVS,4.41,4.44
8401,1.02,Ideal,G,VVS,6.43,6.45
3119,0.7,Ideal,F,SI,5.74,5.76
1915,0.56,Premium,E,VS,5.31,5.25
3265,1,Fair,F,SI,6.26,6.23
4865,1.19,Premium,I,SI,6.77,6.73
3975,0.96,Good,H,SI,6.24,6.29
13445,1.68,Premium,G,VS,7.89,7.85
8545,1.02,Ideal,E,VS,6.45,6.42
1292,0.4,Ideal,F,IF,4.69,4.71
4381,0.9,Good,D,SI,6.1,6.14
1828,0.65,Premium,E,SI,5.61,5.49
14527,2.04,Very Good,J,VS,8.06,8.11
1662,0.56,Ideal,G,VS,5.33,5.37
2862,1.01,Fair,E,SI,6.21,6.11
6588,1.2,Ideal,H,SI,6.83,6.9
4155,1.06,Premium,F,SI,6.57,6.52
758,0.46,Ideal,F,SI,4.98,5.01
628,0.32,Ideal,H,VVS,4.4,4.43
3229,0.7,Premium,D,VS,5.63,5.6
1580,0.55,Very Good,D,SI,5.24,5.28
1155,0.44,Premium,F,VS,4.88,4.83
2498,0.72,Ideal,I,VS,5.73,5.77
1687,0.51,Ideal,D,SI,5.09,5.07
3234,1.05,Very Good,E,I,6.48,6.51
556,0.36,Ideal,H,SI,4.57,4.59
4624,1.1,Ideal,J,SI,6.77,6.74
2648,0.7,Premium,F,VS,5.67,5.63
2591,0.72,Ideal,I,VVS,5.77,5.8
599,0.26,Good,E,VVS,4.04,4.08
4295,1,Premium,D,SI,6.48,6.45
3950,0.9,Good,F,SI,6.09,6.13
1093,0.43,Ideal,F,VVS,4.87,4.9
741,0.36,Very Good,G,VS,4.57,4.6
3614,1,Good,J,SI,6.47,6.51
7219,1.27,Premium,H,VS,6.94,6.88
4383,1.09,Ideal,H,SI,6.72,6.77
4036,0.91,Premium,F,SI,6.21,6.17
338,0.23,Very Good,H,VS,4,4.05
631,0.4,Very Good,J,VS,4.66,4.7
773,0.32,Ideal,F,VS,4.45,4.41
746,0.4,Very Good,H,VS,4.72,4.75
4135,0.9,Very Good,G,VS,6.08,6.13
2655,0.72,Very Good,E,SI,5.77,5.82
1281,0.51,Premium,G,SI,5.21,5.14
1827,0.65,Premium,E,SI,5.54,5.49
2406,0.65,Good,E,VS,5.72,5.78
3483,1.02,Very Good,J,SI,6.37,6.42
2387,0.71,Ideal,I,VVS,5.7,5.75
776,0.3,Premium,F,VS,4.27,4.22
627,0.31,Ideal,G,SI,4.38,4.4
8852,1.52,Ideal,G,SI,7.39,7.36
4373,0.85,Ideal,D,SI,6.03,6.09
1023,0.53,Good,J,VS,5.12,5.18
2053,0.61,Ideal,H,VS,5.51,5.47
1656,0.51,Very Good,E,VS,5.18,5.24
8358,1.06,Ideal,G,VVS,6.59,6.56
2907,0.72,Ideal,E,SI,5.7,5.73
781,0.33,Ideal,D,VS,4.41,4.45
960,0.48,Premium,G,SI,5.07,5.04
7152,1.19,Very Good,E,VS,6.93,6.95
5091,1.11,Premium,F,SI,6.72,6.65
2948,1,Fair,E,SI,6.28,6.16
3496,1.02,Premium,J,SI,6.58,6.43
1115,0.7,Very Good,G,I,5.6,5.51
17607,2.48,Premium,I,SI,8.62,8.58
7440,1.07,Ideal,H,VS,6.59,6.63
1207,0.33,Premium,E,IF,4.49,4.46
603,0.3,Ideal,E,VS,4.3,4.34
18034,2.11,Premium,E,SI,8.19,8.1
1908,0.53,Ideal,F,SI,5.3,5.27
13047,1.61,Very Good,E,SI,7.43,7.47
18394,2.01,Ideal,F,SI,8.12,8.16
1377,0.45,Ideal,G,IF,4.92,4.95
789,0.3,Premium,E,VVS,4.32,4.37
1944,0.54,Ideal,H,VVS,5.32,5.27
7035,1.04,Ideal,F,VS,6.59,6.63
970,0.44,Good,F,SI,4.85,4.8
18787,2.05,Ideal,G,SI,8.1,8.16
707,0.31,Good,H,VVS,4.25,4.31
843,0.42,Ideal,F,SI,4.83,4.94
959,0.31,Premium,F,VVS,4.35,4.33
7072,1,Premium,F,VS,6.54,6.51
541,0.31,Ideal,D,SI,4.33,4.34
2041,0.54,Ideal,G,VVS,5.23,5.25
743,0.33,Ideal,G,VS,4.44,4.43
9471,1.51,Good,I,VVS,7.26,7.21
3229,0.96,Premium,I,SI,6.24,6.2
901,0.31,Ideal,F,IF,4.38,4.41
4047,0.9,Premium,F,SI,6.18,6.12
491,0.3,Ideal,I,VS,4.3,4.33
10423,1.32,Premium,F,VS,7.12,7.06
5252,1.21,Good,I,SI,6.63,6.71
3799,1,Very Good,F,SI,6.31,6.25
956,0.3,Ideal,G,IF,4.35,4.31
2822,0.9,Good,J,VS,6.04,6.03
462,0.23,Good,F,VVS,3.95,3.99
18252,2.52,Premium,I,SI,8.9,8.87
502,0.31,Ideal,I,VS,4.33,4.36
4480,1.01,Good,E,SI,6.49,6.47
995,0.34,Ideal,H,VVS,4.48,4.46
734,0.31,Ideal,D,VS,4.39,4.42
1036,0.43,Ideal,D,SI,4.86,4.82
2544,0.84,Very Good,J,VS,6.03,6.05
7416,1.21,Very Good,G,VS,6.72,6.66
1637,0.54,Premium,H,VS,5.25,5.22
1687,0.51,Premium,D,SI,5.14,5.12
2207,0.61,Premium,D,VS,5.46,5.44
2184,0.7,Premium,F,SI,5.57,5.49
5854,1.01,Premium,F,SI,6.65,6.52
7963,1.3,Very Good,E,SI,7.12,7.17
16442,2.03,Very Good,H,SI,8.52,8.42
1814,0.7,Premium,G,SI,5.58,5.56
561,0.32,Premium,I,VVS,4.4,4.43
532,0.3,Ideal,I,VVS,4.29,4.35
931,0.47,Premium,G,SI,4.97,4.99
1373,0.5,Very Good,G,VS,5.05,5.08
10581,1.79,Premium,J,VS,7.76,7.69
6913,1.03,Ideal,G,VS,6.46,6.5
3206,0.75,Very Good,E,VS,5.77,5.79
918,0.32,Ideal,G,IF,4.42,4.46
1235,0.42,Ideal,G,VVS,4.84,4.81
1294,0.44,Ideal,D,VS,4.95,4.91
11769,1.54,Premium,H,VS,7.33,7.31
1866,0.54,Ideal,F,VS,5.26,5.21
438,0.34,Ideal,F,SI,4.5,4.52
782,0.35,Ideal,F,VS,4.53,4.58
5880,1,Premium,D,SI,6.52,6.39
1901,0.72,Ideal,H,SI,5.87,5.78
1433,0.6,Premium,G,SI,5.49,5.44
7509,1.51,Fair,H,SI,7.72,7.63
815,0.37,Ideal,G,VVS,4.62,4.66
1836,0.54,Premium,I,IF,5.35,5.29
471,0.24,Very Good,E,VVS,3.95,4
7247,1.05,Ideal,G,VS,6.56,6.59
7637,1.06,Ideal,F,VS,6.57,6.6
2200,0.7,Very Good,I,VS,5.67,5.73
828,0.32,Ideal,F,VVS,4.42,4.47
8099,1.25,Premium,H,VS,6.88,6.84
743,0.33,Premium,G,VS,4.47,4.45
4410,1.25,Premium,J,SI,6.86,6.82
593,0.31,Premium,D,SI,4.34,4.31
5330,1,Good,E,SI,6.53,6.57
672,0.32,Premium,G,VS,4.53,4.51
1662,0.54,Very Good,D,SI,5.17,5.22
2356,0.54,Very Good,F,VVS,5.33,5.35
789,0.3,Very Good,E,VVS,4.25,4.28
2230,0.7,Ideal,F,SI,5.66,5.75
895,0.3,Good,G,IF,4.24,4.28
586,0.28,Ideal,H,IF,4.14,4.19
5292,1,Premium,F,SI,6.47,6.43
4466,1,Good,G,SI,6.32,6.36
998,0.38,Premium,D,VS,4.66,4.62
921,0.37,Ideal,E,VS,4.59,4.63
2829,0.72,Premium,F,VS,5.75,5.7
2415,0.7,Ideal,G,SI,5.79,5.77
1613,0.6,Ideal,E,SI,5.43,5.47
5675,1.14,Ideal,G,SI,6.78,6.71
1071,0.52,Very Good,H,SI,5.15,5.23
873,0.4,Ideal,G,SI,4.74,4.78
990,0.41,Ideal,E,VS,4.8,4.83
13248,1.51,Premium,F,VS,7.3,7.26
15217,2.04,Premium,G,SI,8.3,8.15
854,0.32,Ideal,F,VVS,4.4,4.43
5437,1.33,Premium,H,SI,7.1,7.06
8498,1.25,Ideal,H,VS,6.94,6.97
878,0.3,Premium,H,VVS,4.26,4.21
710,0.3,Ideal,D,VS,4.32,4.36
1902,0.71,Very Good,I,SI,5.61,5.7
3920,1.01,Premium,F,SI,6.4,6.36
1046,0.5,Very Good,E,SI,5.08,5.09
984,0.31,Ideal,D,VVS,4.38,4.43
3472,1,Ideal,I,SI,6.47,6.42
645,0.3,Very Good,D,VS,4.27,4.33
12415,1.53,Ideal,F,SI,7.39,7.37
5226,1.01,Good,E,SI,6.38,6.32
568,0.31,Ideal,F,SI,4.37,4.4
13686,1.51,Very Good,G,VS,7.23,7.27
1867,0.55,Very Good,D,VS,5.31,5.35
665,0.3,Ideal,H,VVS,4.33,4.35
16369,2.28,Premium,J,VS,8.45,8.35
10680,1.63,Ideal,G,SI,7.55,7.49
4539,1.1,Very Good,E,SI,6.61,6.66
2553,0.7,Very Good,E,VS,5.66,5.68
5012,1.13,Premium,E,SI,6.65,6.62
18115,2.04,Premium,H,SI,8.08,8.04
804,0.4,Ideal,G,VS,4.69,4.74
696,0.32,Very Good,F,VS,4.38,4.42
4179,1.02,Good,F,SI,6.25,6.29
899,0.41,Very Good,G,VS,4.71,4.74
2300,0.71,Premium,I,VS,5.8,5.72
2979,0.7,Ideal,E,VS,5.74,5.71
1410,0.5,Very Good,H,VS,5.02,5.05
14362,2.27,Premium,I,SI,8.42,8.4
1332,0.5,Ideal,F,SI,5.16,5.12
8518,1.5,Premium,D,SI,7.48,7.45
1875,0.6,Ideal,F,VS,5.43,5.46
5373,1.2,Very Good,D,SI,6.68,6.75
993,0.43,Premium,D,SI,4.88,4.83
3868,0.9,Very Good,E,SI,6.12,6.17
2333,0.7,Premium,E,SI,5.68,5.61
645,0.32,Ideal,H,VVS,4.37,4.42
1041,0.37,Premium,E,VS,4.68,4.66
3046,0.75,Very Good,D,SI,5.89,5.94
485,0.23,Very Good,E,VVS,3.91,3.95
1813,0.53,Ideal,G,VS,5.21,5.19
3952,0.71,Premium,D,VVS,5.89,5.81
14281,1.5,Ideal,F,VS,7.45,7.51
2551,0.58,Ideal,E,VVS,5.36,5.33
473,0.3,Very Good,H,VS,4.29,4.32
4429,1.05,Very Good,G,SI,6.63,6.73
714,0.34,Ideal,E,SI,4.5,4.47
18717,2.18,Premium,F,SI,8.38,8.3
6419,1.22,Very Good,I,VS,6.95,6.98
825,0.45,Ideal,I,VS,4.9,4.92
583,0.31,Ideal,F,VS,4.38,4.41
872,0.31,Ideal,E,VS,4.36,4.34
7246,1.21,Very Good,H,VS,6.71,6.74
1748,0.52,Ideal,H,VVS,5.17,5.21
3998,0.91,Very Good,H,SI,6.3,6.41
855,0.4,Premium,D,SI,4.73,4.71
3748,0.9,Very Good,E,SI,6.09,6.13
1279,0.48,Premium,F,VS,5.01,4.97
14247,1.51,Ideal,F,VS,7.38,7.31
625,0.31,Ideal,F,VS,4.3,4.34
788,0.35,Ideal,F,VS,4.49,4.52
5641,1.38,Premium,H,SI,7.31,7.24
1117,0.38,Ideal,F,VVS,4.69,4.72
2697,0.7,Premium,E,VS,5.74,5.7
2200,0.9,Very Good,E,I,6.13,6.01
6539,1.03,Very Good,G,VS,6.42,6.47
408,0.31,Good,I,SI,4.28,4.32
5312,1.02,Premium,H,VS,6.45,6.42
8001,1.57,Premium,F,SI,7.49,7.43
1084,0.51,Premium,I,SI,5.16,5.11
521,0.31,Premium,I,VS,4.42,4.38
9218,1.51,Good,H,SI,7.25,7.32
2004,0.54,Very Good,D,VS,5.18,5.19
2489,0.71,Very Good,E,SI,5.83,5.86
8437,1.03,Very Good,D,VS,6.52,6.57
15773,2.01,Premium,H,SI,8.06,8.11
3215,0.96,Premium,G,SI,6.29,6.11
4538,1,Very Good,I,SI,6.27,6.36
9257,1.1,Very Good,G,VVS,6.59,6.67
702,0.32,Ideal,E,VS,4.36,4.38
429,0.28,Very Good,H,VS,4.22,4.24
3992,0.81,Very Good,F,VVS,5.99,5.9
1316,0.5,Premium,E,SI,5.15,5.18
2379,0.87,Very Good,J,SI,6.03,5.96
17219,2.15,Ideal,H,SI,8.3,8.24
651,0.3,Ideal,D,VS,4.27,4.31
753,0.41,Ideal,I,VS,4.81,4.84
904,0.41,Premium,E,SI,4.78,4.75
1236,0.53,Ideal,H,SI,5.15,5.19
481,0.28,Ideal,H,VS,4.21,4.24
14165,1.51,Very Good,F,VS,7.27,7.32
2776,0.71,Premium,E,VS,5.74,5.68
720,0.32,Premium,G,VS,4.36,4.33
595,0.31,Ideal,E,SI,4.39,4.42
589,0.32,Premium,D,SI,4.39,4.41
1777,0.58,Good,G,VS,5.44,5.48
3984,1.21,Premium,J,SI,6.93,6.88
1080,0.36,Ideal,E,VS,4.65,4.62
1128,0.4,Very Good,D,VVS,4.7,4.72
13187,1.63,Good,F,SI,7.57,7.64
4147,1.21,Fair,J,SI,6.6,6.51
14540,2.01,Ideal,I,SI,8.06,8.02
16718,2.04,Ideal,I,SI,8.19,8.26
375,0.23,Ideal,G,SI,3.97,4
1676,0.57,Premium,F,SI,5.43,5.42
489,0.31,Very Good,H,VS,4.35,4.39
11917,1.51,Ideal,G,SI,7.34,7.31
576,0.32,Ideal,I,VS,4.4,4.37
8656,1.54,Very Good,I,VS,7.32,7.37
3415,0.77,Very Good,F,VVS,5.77,5.72
752,0.27,Good,E,VVS,4.1,4.07
505,0.36,Premium,I,VS,4.54,4.58
1207,0.43,Ideal,D,VS,4.83,4.86
690,0.41,Ideal,F,SI,4.78,4.8
11475,2.02,Very Good,J,SI,7.94,8.02
9870,1.02,Ideal,F,VVS,6.54,6.49
3323,0.92,Very Good,I,SI,6.18,6.14
2401,0.7,Good,F,SI,5.6,5.63
526,0.3,Ideal,H,VS,4.25,4.3
6094,0.99,Very Good,F,VS,6.37,6.39
3239,0.73,Ideal,I,VVS,5.75,5.77
3749,1.03,Ideal,F,SI,6.53,6.49
948,0.43,Premium,E,SI,4.85,4.78
4916,1.14,Ideal,H,SI,6.73,6.67
1546,0.51,Premium,G,VS,5.12,5.11
3864,0.76,Ideal,E,VS,5.85,5.9
2086,0.77,Very Good,J,SI,5.94,5.99
3519,0.79,Very Good,F,SI,5.86,5.94
521,0.32,Ideal,J,IF,4.42,4.46
2473,0.7,Very Good,E,VS,5.79,5.84
1286,0.5,Premium,G,SI,5.07,5.03
3212,0.71,Ideal,E,VS,5.69,5.73
1041,0.37,Ideal,E,VS,4.59,4.56
11068,1.51,Very Good,H,VS,7.39,7.43
12771,2.11,Very Good,J,SI,8.21,8.36
5487,1.14,Good,H,SI,6.62,6.67
442,0.27,Very Good,G,VVS,4.12,4.15
12459,1.51,Ideal,F,SI,7.33,7.3
2444,0.81,Ideal,I,VS,5.98,6.01
2473,0.55,Ideal,G,VVS,5.28,5.26
13823,1.7,Ideal,H,VS,7.61,7.69
596,0.34,Ideal,H,VS,4.45,4.48
879,0.31,Ideal,D,VS,4.39,4.35
852,0.36,Premium,E,VS,4.64,4.67
4699,1.11,Premium,F,SI,6.68,6.66
574,0.3,Very Good,G,SI,4.32,4.29
1624,0.5,Premium,E,VS,5.07,5.12
2165,0.5,Ideal,E,VVS,5.13,5.15
816,0.31,Premium,H,IF,4.34,4.38
15751,2.07,Very Good,I,SI,8.11,8.02
596,0.34,Good,I,VVS,4.43,4.47
1115,0.41,Ideal,F,VVS,4.83,4.85
5204,1.01,Ideal,G,SI,6.53,6.49
1882,0.51,Ideal,D,VS,5.15,5.09
1813,0.53,Ideal,E,VS,5.18,5.15
2512,0.7,Premium,G,VS,5.68,5.77
709,0.3,Premium,D,SI,4.29,4.24
3246,0.9,Premium,G,SI,6.22,6.18
4633,1.02,Very Good,D,SI,6.48,6.52
2979,0.72,Ideal,H,VVS,5.76,5.82
1882,0.51,Ideal,D,VS,5.18,5.15
3720,0.73,Very Good,F,VVS,5.79,5.83
1173,0.52,Very Good,E,SI,5.07,5.1
1168,0.4,Ideal,F,VVS,4.75,4.78
1971,0.61,Very Good,F,VS,5.5,5.58
998,0.43,Very Good,I,IF,4.9,4.93
1059,0.55,Ideal,J,SI,5.24,5.22
5163,1.23,Ideal,F,SI,6.89,6.93
5588,1.32,Premium,I,SI,7.01,6.95
605,0.3,Very Good,H,VVS,4.33,4.35
912,0.32,Ideal,F,VVS,4.41,4.43
1065,0.35,Ideal,D,VS,4.53,4.58
2332,0.64,Very Good,D,VS,5.7,5.74
5775,1.08,Premium,H,VS,6.59,6.54
687,0.42,Premium,G,SI,4.75,4.79
4008,1.03,Ideal,J,SI,6.47,6.51
1290,0.52,Ideal,E,SI,5.12,5.08
386,0.21,Premium,D,VS,3.82,3.78
2724,0.72,Very Good,F,VS,5.92,5.75
4469,1,Very Good,H,SI,6.37,6.34
4099,0.9,Very Good,I,VVS,6.17,6.2
16545,1.41,Ideal,F,VVS,7.2,7.28
13653,1.5,Ideal,F,VS,7.43,7.39
5154,1.04,Premium,D,SI,6.61,6.56
6509,1.23,Ideal,G,SI,6.94,6.91
1621,0.52,Very Good,E,VS,5.11,5.15
1125,0.4,Ideal,D,VS,4.8,4.76
838,0.33,Ideal,H,IF,4.48,4.51
6319,1.08,Very Good,F,VS,6.56,6.5
1101,0.5,Good,E,SI,5.23,5.2
576,0.32,Premium,E,SI,4.45,4.43
3288,0.9,Fair,I,VVS,6.1,6.12
1040,0.42,Premium,E,VS,4.83,4.8
737,0.3,Very Good,G,VVS,4.21,4.26
5458,1.14,Premium,H,SI,6.8,6.76
2351,0.7,Ideal,I,VS,5.67,5.72
540,0.34,Ideal,G,SI,4.5,4.52
2690,0.71,Very Good,G,VS,5.72,5.76
1431,0.5,Fair,D,VS,5.05,4.9
11337,2.06,Ideal,J,SI,8.23,8.19
4226,1.1,Ideal,J,SI,6.58,6.61
1628,0.5,Very Good,D,VS,5.14,5.16
1033,0.36,Ideal,D,VVS,4.57,4.63
14266,2.16,Good,I,VS,8.18,8.12
667,0.4,Ideal,I,VS,4.74,4.77
2536,0.9,Fair,J,SI,6.05,5.99
8719,1.24,Ideal,H,VS,6.91,6.95
537,0.36,Ideal,D,SI,4.56,4.6
10137,1.21,Premium,E,VS,6.95,6.91
1374,0.4,Ideal,G,VVS,4.73,4.76
649,0.37,Ideal,G,VS,4.6,4.64
2015,0.76,Good,J,VS,5.7,5.75
477,0.32,Ideal,D,SI,4.38,4.42
5055,0.91,Premium,E,VS,6.21,6.15
490,0.34,Ideal,H,SI,4.52,4.58
926,0.39,Very Good,H,VVS,4.7,4.73
6270,1.01,Very Good,D,SI,6.37,6.43
5421,1.09,Ideal,I,VS,6.62,6.67
16688,1.51,Ideal,D,VS,7.28,7.3
2915,0.71,Ideal,F,VS,5.74,5.71
11104,1.22,Premium,G,IF,7.02,6.97
906,0.35,Ideal,G,VS,4.53,4.52
12592,2.02,Fair,I,SI,7.94,7.82
3435,0.71,Ideal,E,VS,5.81,5.78
11427,1.62,Very Good,H,VS,7.59,7.67
829,0.35,Ideal,D,VS,4.5,4.54
2706,0.72,Ideal,F,SI,5.75,5.79
593,0.31,Very Good,G,SI,4.33,4.31
1662,0.54,Ideal,F,VS,5.2,5.25
2922,0.53,Ideal,F,VVS,5.24,5.18
1221,0.55,Ideal,E,SI,5.27,5.31
670,0.3,Ideal,D,VS,4.25,4.29
2690,0.71,Ideal,D,SI,5.78,5.82
755,0.41,Good,F,SI,4.68,4.72
959,0.33,Ideal,H,IF,4.51,4.5
1053,0.39,Premium,I,VVS,4.7,4.67
5077,1.02,Very Good,F,SI,6.55,6.61
5376,1.2,Premium,H,SI,6.91,6.76
5034,1.01,Premium,G,SI,6.61,6.54
2874,0.7,Premium,F,VS,5.71,5.67
393,0.32,Ideal,J,VS,4.38,4.44
2010,0.56,Ideal,E,VS,5.29,5.34
2300,0.74,Premium,H,SI,5.75,5.7
2443,0.76,Premium,F,SI,5.79,5.77
3145,0.7,Ideal,H,VS,5.73,5.77
481,0.34,Ideal,D,SI,4.5,4.55
5020,1.01,Ideal,H,SI,6.5,6.54
1244,0.67,Very Good,E,SI,5.62,5.53
943,0.43,Ideal,G,VS,4.84,4.86
2066,0.56,Ideal,D,VS,5.29,5.25
683,0.41,Ideal,D,SI,4.72,4.75
447,0.3,Very Good,G,SI,4.35,4.39
4202,1,Good,I,VS,6.35,6.32
5364,1.03,Premium,H,VS,6.47,6.36
868,0.3,Ideal,F,VVS,4.28,4.31
2952,0.72,Ideal,G,VS,5.76,5.8
655,0.4,Good,G,SI,4.61,4.7
827,0.41,Good,E,VS,4.67,4.7
942,0.31,Ideal,D,VS,4.38,4.36
7139,1.51,Fair,J,VS,7.16,7.11
4720,1.12,Ideal,F,SI,6.68,6.66
1306,0.6,Good,F,SI,5.33,5.4
11853,1.3,Ideal,G,VVS,7.04,7.11
2967,0.79,Ideal,H,VS,5.91,5.93
9504,1.63,Very Good,H,SI,7.77,7.72
2841,0.73,Premium,F,VS,5.9,5.87
1054,0.39,Very Good,E,VVS,4.74,4.77
2834,0.53,Ideal,F,VVS,5.2,5.23
609,0.3,Ideal,F,SI,4.35,4.37
518,0.27,Very Good,F,VS,4.14,4.18
1094,0.36,Ideal,D,VS,4.61,4.57
16800,2.04,Ideal,H,SI,8.15,8.18
828,0.32,Premium,F,VS,4.4,4.37
1327,0.59,Good,E,SI,5.53,5.49
8796,1.2,Premium,F,VS,6.77,6.73
573,0.3,Ideal,F,VS,4.3,4.36
7233,1.03,Very Good,F,VS,6.47,6.51
2858,0.92,Premium,J,SI,6.22,6.18
2160,0.5,Ideal,F,VVS,5.11,5.08
2266,0.71,Very Good,F,SI,5.7,5.63
1928,0.55,Premium,E,VS,5.28,5.3
907,0.4,Premium,E,SI,4.73,4.7
5515,1.08,Very Good,H,VS,6.47,6.56
2051,0.53,Ideal,G,VVS,5.26,5.19
507,0.34,Very Good,D,SI,4.45,4.51
2081,0.56,Ideal,G,VVS,5.32,5.29
2805,0.73,Premium,F,VS,5.75,5.7
2590,0.58,Ideal,D,VS,5.37,5.4
2694,0.71,Ideal,D,SI,5.64,5.57
5673,1.1,Premium,H,VS,6.66,6.61
837,0.4,Very Good,E,SI,4.72,4.76
956,0.34,Ideal,E,VS,4.52,4.5
6171,1.51,Very Good,J,SI,7.28,7.25
1300,0.32,Ideal,E,IF,4.4,4.43
5653,1.03,Premium,D,SI,6.44,6.39
3372,0.86,Premium,F,SI,6.01,6.06
1235,0.42,Ideal,D,VS,4.84,4.79
1343,0.51,Ideal,E,SI,5.17,5.2
3775,0.83,Ideal,E,SI,6.03,6.05
645,0.32,Premium,F,VS,4.4,4.42
2897,0.76,Premium,E,SI,5.91,5.85
9377,1.15,Ideal,G,VVS,6.83,6.8
2184,0.77,Fair,I,VS,5.65,5.77
873,0.4,Ideal,G,SI,4.82,4.79
1589,0.55,Very Good,E,VS,5.38,5.46
4372,1,Premium,I,VS,6.39,6.47
2860,0.6,Ideal,E,VVS,5.41,5.44
720,0.4,Good,D,SI,4.68,4.71
1264,0.43,Ideal,G,VVS,4.85,4.82
1018,0.44,Premium,F,VS,4.98,4.92
4603,1.2,Very Good,H,SI,6.76,6.72
16370,1.51,Ideal,F,VS,7.34,7.38
2237,0.61,Ideal,H,VVS,5.52,5.55
2270,0.71,Good,I,VS,5.63,5.56
1089,0.58,Ideal,J,SI,5.36,5.4
3164,0.73,Ideal,H,VS,5.79,5.82
13234,1.51,Ideal,G,VS,7.32,7.35
9547,1.27,Ideal,F,VS,6.96,6.98
3770,1.02,Good,H,SI,6.75,6.68
666,0.4,Good,I,VS,4.68,4.72
2313,0.7,Very Good,F,SI,5.64,5.68
2511,0.71,Ideal,G,VS,5.75,5.72
7792,1.01,Premium,F,VS,6.45,6.39
1209,0.43,Premium,E,VS,4.82,4.78
4199,0.91,Ideal,I,VS,6.17,6.25
863,0.3,Ideal,G,IF,4.33,4.36
645,0.32,Ideal,F,VS,4.38,4.41
675,0.3,Premium,E,SI,4.33,4.27
745,0.34,Ideal,E,VS,4.45,4.49
12674,1.73,Premium,I,VS,7.65,7.62
408,0.31,Very Good,F,SI,4.34,4.36
1576,0.52,Ideal,E,VS,5.2,5.23
1295,0.55,Very Good,D,SI,5.22,5.24
642,0.31,Very Good,G,VVS,4.4,4.42
11594,2.72,Ideal,H,I,9.17,9.13
13229,2.02,Ideal,I,SI,8.12,8.05
4119,1.01,Very Good,F,SI,6.31,6.36
844,0.3,Premium,E,VS,4.34,4.3
12872,1.51,Very Good,G,VS,7.28,7.2
733,0.31,Ideal,E,VS,4.37,4.4
6175,1.49,Ideal,F,I,7.31,7.28
1133,0.41,Very Good,E,VVS,4.75,4.72
7357,1.05,Ideal,G,VS,6.49,6.51
5689,1.23,Good,D,SI,6.94,6.88
4872,0.9,Very Good,G,VS,6.11,6.2
2559,0.71,Ideal,H,VS,5.66,5.71
468,0.26,Ideal,H,VVS,4.11,4.16
3920,1,Good,I,SI,6.33,6.27
878,0.41,Very Good,E,SI,4.73,4.71
614,0.32,Ideal,H,VVS,4.34,4.37
2801,0.96,Ideal,F,I,6.37,6.41
5696,1.01,Very Good,G,VS,6.37,6.41
8294,1.21,Premium,H,IF,6.8,6.83
5554,1.96,Fair,F,I,7.59,7.56
866,0.38,Very Good,E,VS,4.66,4.7
608,0.3,Premium,I,VS,4.3,4.26
2415,0.74,Premium,F,SI,5.85,5.82
16960,1.73,Premium,G,VS,7.74,7.71
6299,1.54,Ideal,G,I,7.43,7.4
8528,1.11,Very Good,F,VS,6.69,6.71
4704,1,Fair,D,SI,6.15,6.04
698,0.31,Ideal,G,VS,4.34,4.29
14294,1.51,Ideal,F,VS,7.32,7.27
687,0.31,Ideal,H,VVS,4.38,4.41
2984,0.74,Ideal,E,VS,5.8,5.77
447,0.31,Ideal,I,VS,4.32,4.36
5975,1.01,Very Good,F,SI,6.39,6.43
1063,0.35,Ideal,E,VS,4.55,4.53
4191,0.9,Ideal,E,SI,6.19,6.22
574,0.3,Premium,D,SI,4.31,4.28
5229,1.01,Good,H,VS,6.43,6.5
605,0.3,Premium,G,VS,4.34,4.38
1917,0.81,Premium,J,SI,5.98,5.94
1105,0.31,Ideal,E,VVS,4.38,4.4
4326,0.92,Good,F,SI,6.12,6.17
4028,1,Good,H,VS,6.28,6.26
15293,1.55,Ideal,E,VS,7.39,7.45
1079,0.41,Ideal,E,VS,4.77,4.8
891,0.31,Ideal,G,IF,4.38,4.42
1404,0.4,Good,F,IF,4.69,4.7
421,0.3,Good,H,SI,4.24,4.27
985,0.34,Ideal,F,IF,4.48,4.51
4419,0.9,Very Good,E,VS,6.13,6.16
4277,0.9,Fair,D,VS,6.26,6.29
904,0.41,Good,F,SI,4.74,4.71
706,0.35,Ideal,F,VS,4.53,4.55
5392,1.14,Ideal,J,VS,6.7,6.73
9009,1.25,Premium,G,VS,6.91,6.94
621,0.41,Very Good,G,SI,4.82,4.85
6946,1.28,Premium,H,SI,7,6.94
3807,0.61,Good,F,SI,5.36,5.29
5649,1.22,Premium,I,VS,6.8,6.75
691,0.3,Very Good,H,IF,4.3,4.33
2075,0.61,Premium,F,VS,5.58,5.5
702,0.39,Very Good,D,VS,4.63,4.69
589,0.32,Good,D,SI,4.37,4.38
688,0.43,Very Good,E,SI,4.83,4.85
626,0.38,Ideal,I,SI,4.62,4.66
1809,0.58,Ideal,F,VS,5.41,5.44
6140,1.29,Premium,I,SI,7.03,6.92
10830,1.53,Premium,G,SI,7.58,7.52
3624,0.9,Very Good,F,SI,6.09,6.15
523,0.31,Premium,J,VS,4.33,4.31
5639,1,Ideal,D,SI,6.3,6.38
872,0.31,Ideal,E,VS,4.35,4.32
663,0.3,Very Good,D,VS,4.24,4.27
625,0.31,Ideal,F,VS,4.33,4.37
4398,1.02,Very Good,E,SI,6.4,6.43
863,0.3,Very Good,D,VS,4.37,4.4
9700,1.52,Premium,H,SI,7.44,7.39
1013,0.4,Good,G,VVS,4.86,4.88
2338,0.77,Good,H,SI,5.82,5.74
1069,0.38,Ideal,E,VS,4.65,4.62
1422,0.54,Premium,E,SI,5.21,5.25
6040,1,Very Good,D,SI,6.35,6.41
8279,1.01,Ideal,D,VS,6.42,6.46
2823,0.71,Premium,E,VS,5.71,5.66
10210,1.56,Ideal,F,SI,7.41,7.45
8366,1.52,Premium,D,SI,7.56,7.45
734,0.31,Ideal,D,VS,4.33,4.35
608,0.24,Very Good,F,VVS,3.97,4.01
800,0.38,Ideal,F,VS,4.6,4.63
507,0.34,Premium,D,SI,4.54,4.58
3818,1.01,Premium,I,SI,6.43,6.38
453,0.26,Good,F,VS,4.2,4.25
844,0.3,Ideal,E,VS,4.28,4.25
12508,2.22,Fair,G,SI,8.32,8.15
1715,0.5,Very Good,D,VS,5.04,5
4718,1.02,Premium,D,SI,6.52,6.48
380,0.31,Premium,J,VS,4.31,4.36
3921,1.03,Ideal,J,SI,6.45,6.5
9526,1.75,Premium,H,VS,7.75,7.69
1438,0.51,Ideal,H,VS,5.11,5.16
6825,1.01,Good,F,VS,6.42,6.49
4840,1.14,Very Good,I,SI,6.66,6.72
4579,1,Premium,E,SI,6.41,6.34
2160,0.53,Ideal,F,VVS,5.2,5.24
10963,1.59,Very Good,G,SI,7.57,7.65
605,0.3,Very Good,F,VS,4.29,4.33
4191,0.91,Very Good,E,SI,6.12,6.17
15461,1.59,Premium,F,VS,7.59,7.62
2400,0.7,Very Good,F,VS,5.79,5.85
520,0.33,Premium,H,SI,4.49,4.43
2999,0.74,Premium,E,VS,5.83,5.8
772,0.31,Ideal,G,VVS,4.3,4.34
17614,2.07,Ideal,G,SI,8.16,8.21
1586,0.54,Ideal,I,SI,5.22,5.27
452,0.28,Very Good,D,VS,4.13,4.16
2150,0.7,Fair,G,SI,5.64,5.58
4181,1.04,Very Good,F,SI,6.44,6.5
752,0.27,Ideal,D,VVS,4.18,4.15
597,0.26,Very Good,E,VVS,4,4.03
421,0.3,Very Good,H,SI,4.24,4.28
530,0.23,Very Good,F,VVS,4,4.04
876,0.41,Ideal,H,SI,4.82,4.75
3743,0.9,Fair,E,SI,6.12,6.18
655,0.3,Very Good,G,VVS,4.26,4.28
456,0.26,Ideal,F,VS,4.09,4.12
10833,2,Premium,G,SI,8.13,8.07
837,0.3,Very Good,E,VVS,4.36,4.41
15151,1.73,Premium,G,VS,7.72,7.57
1074,0.5,Very Good,H,VS,5.05,5.08
898,0.38,Ideal,H,VS,4.62,4.59
2946,0.71,Very Good,E,VS,5.64,5.67
6083,1.01,Very Good,F,VS,6.4,6.44
880,0.34,Premium,H,VVS,4.47,4.43
709,0.31,Very Good,D,VS,4.27,4.3
1654,0.53,Ideal,I,IF,5.18,5.22
12612,2.1,Very Good,I,SI,8.29,8.33
2822,0.73,Ideal,F,SI,5.75,5.78
576,0.25,Ideal,E,VVS,4.08,4.1
493,0.31,Ideal,G,SI,4.37,4.39
526,0.3,Very Good,H,VS,4.23,4.28
14892,1.72,Premium,F,SI,7.68,7.65
2294,0.71,Premium,I,VS,5.7,5.73
2309,0.67,Very Good,G,VS,5.69,5.75
780,0.33,Ideal,D,SI,4.46,4.44
2475,0.7,Very Good,G,VS,5.63,5.68
1436,0.5,Good,F,VS,5.03,5.07
2941,0.79,Very Good,E,SI,6.04,6.06
789,0.31,Ideal,H,IF,4.36,4.4
1926,0.64,Premium,E,VS,5.48,5.46
1716,0.51,Premium,D,VS,5.07,5.12
15420,1.51,Premium,G,VVS,7.33,7.3
526,0.3,Ideal,G,VS,4.28,4.3
5702,1,Very Good,G,VS,6.27,6.42
1068,0.51,Very Good,I,SI,5.07,5.11
4538,1.12,Very Good,H,SI,6.63,6.68
8915,1.52,Good,H,SI,7.11,7.18
1080,0.4,Very Good,I,VVS,4.71,4.67
3131,0.71,Very Good,D,VS,5.69,5.76
18431,1.72,Ideal,G,VVS,7.63,7.72
3087,0.74,Ideal,D,VS,5.84,5.79
6183,1.23,Ideal,I,SI,6.86,6.91
4194,1.07,Good,I,VS,6.41,6.38
589,0.32,Very Good,D,SI,4.33,4.36
2799,0.78,Ideal,D,SI,5.91,5.86
2313,0.71,Ideal,I,SI,5.7,5.74
6097,1.29,Ideal,J,SI,7,7.06
491,0.26,Premium,H,VS,4.1,4.06
1410,0.55,Good,F,SI,5.42,5.44
544,0.27,Very Good,D,VVS,4.14,4.15
1134,0.63,Good,J,SI,5.63,5.58
5562,1.2,Ideal,G,SI,6.98,6.94
2171,0.77,Premium,E,SI,5.84,5.8
3574,0.91,Ideal,I,SI,6.2,6.24
7190,1.2,Ideal,H,VS,6.9,6.85
1181,0.41,Premium,D,VVS,4.78,4.75
6703,1.2,Very Good,E,SI,6.91,6.83
2328,0.76,Fair,H,SI,5.84,5.77
6542,1.23,Very Good,H,SI,6.79,6.83
772,0.4,Premium,D,SI,4.69,4.73
2806,0.81,Very Good,G,SI,5.89,5.94
11565,1.51,Premium,E,SI,7.3,7.26
5939,1.01,Ideal,D,SI,6.44,6.37
531,0.34,Ideal,G,SI,4.49,4.52
589,0.32,Very Good,D,SI,4.38,4.42
746,0.37,Ideal,F,VS,4.59,4.63
633,0.25,Very Good,F,VVS,4.05,4.08
1107,0.41,Premium,I,VVS,4.77,4.75
1770,0.7,Fair,D,SI,5.51,5.44
449,0.32,Very Good,E,SI,4.34,4.37
11268,1.51,Premium,H,VS,7.31,7.25
1323,0.4,Premium,F,VVS,4.78,4.75
6974,1.03,Premium,D,VS,6.62,6.57
1334,0.44,Ideal,E,VVS,4.91,4.88
1104,0.5,Ideal,E,SI,5.05,5.11
2770,0.76,Ideal,D,SI,5.78,5.83
10093,1.57,Ideal,I,VS,7.56,7.49
736,0.4,Ideal,I,VS,4.76,4.82
8556,1.18,Ideal,G,VS,6.81,6.76
4398,1.02,Very Good,E,SI,6.54,6.58
871,0.38,Good,D,VS,4.63,4.67
2993,0.75,Very Good,E,SI,5.73,5.75
730,0.33,Ideal,H,VVS,4.46,4.5
5221,1.2,Very Good,H,SI,6.67,6.71
1581,0.5,Premium,E,VS,5.11,5.13
605,0.3,Good,G,VS,4.25,4.28
421,0.25,Ideal,I,VVS,4.07,4.1
3689,0.93,Premium,G,SI,6.27,6.24
1249,0.41,Very Good,E,VVS,4.75,4.77
999,0.41,Ideal,E,VS,4.79,4.72
1176,0.38,Ideal,E,VVS,4.65,4.58
6834,0.8,Very Good,D,IF,5.85,5.87
4678,1.19,Ideal,J,SI,6.8,6.77
1161,0.52,Very Good,G,SI,5.17,5.19
3577,0.84,Good,E,SI,6.03,6.05
564,0.26,Good,D,VVS,4.06,4.09
2593,0.7,Very Good,F,VS,5.62,5.66
4764,1.03,Ideal,D,SI,6.51,6.46
2787,0.64,Ideal,D,VS,5.54,5.55
1439,0.41,Ideal,F,IF,4.78,4.83
2318,0.8,Fair,G,SI,5.86,5.75
645,0.32,Ideal,F,VS,4.4,4.42
2327,0.71,Good,I,VS,5.76,5.65
5222,1.02,Very Good,F,SI,6.39,6.43
2239,0.7,Premium,D,SI,5.67,5.64
1982,0.74,Fair,J,VS,5.91,5.8
673,0.3,Premium,F,VS,4.3,4.27
1692,0.55,Ideal,F,VS,5.27,5.3
2516,0.7,Ideal,F,SI,5.75,5.71
4448,0.93,Premium,D,SI,6.27,6.24
8174,1.55,Very Good,H,SI,7.31,7.34
789,0.3,Ideal,G,VVS,4.31,4.32
7476,1.5,Premium,I,SI,7.39,7.36
1252,0.4,Ideal,E,VS,4.76,4.8
4436,1.04,Premium,E,SI,6.53,6.51
1546,0.51,Premium,E,SI,5.09,5.06
2974,1,Fair,D,SI,5.96,5.87
1192,0.46,Ideal,I,IF,4.94,4.97
3437,0.9,Very Good,H,SI,6.13,6.16
6176,1.01,Fair,D,VS,6.21,6.16
1079,0.41,Premium,E,VS,4.74,4.78
17114,1.7,Ideal,F,VS,7.54,7.58
1200,0.4,Ideal,D,VS,4.71,4.67
3082,0.8,Premium,D,SI,5.94,5.9
1304,0.51,Fair,D,SI,5.05,5.01
842,0.32,Ideal,H,IF,4.41,4.42
3599,1.02,Premium,J,SI,6.42,6.39
1060,0.51,Ideal,I,VS,5.16,5.21
834,0.41,Very Good,G,VS,4.81,4.85
787,0.28,Ideal,F,IF,4.18,4.21
4182,0.97,Good,F,SI,6.49,6.54
472,0.23,Very Good,F,VVS,3.93,3.96
984,0.33,Ideal,E,VVS,4.42,4.46
886,0.38,Very Good,G,VS,4.77,4.86
1772,0.54,Ideal,F,VS,5.21,5.26
417,0.24,Very Good,F,VS,3.94,3.99
3627,0.9,Good,H,SI,6,5.96
2767,0.7,Good,H,VVS,5.62,5.65
12378,1.6,Very Good,H,VS,7.48,7.63
421,0.31,Ideal,H,SI,4.35,4.39
1354,0.5,Very Good,D,SI,5.01,5.06
3325,0.78,Ideal,G,VS,5.87,5.91
8780,1.34,Ideal,H,VS,7.14,7.07
1162,0.35,Very Good,D,VVS,4.61,4.63
741,0.4,Ideal,D,SI,4.71,4.73
3298,1.02,Good,J,SI,6.34,6.38
1809,0.55,Ideal,F,VS,5.25,5.28
7257,1.21,Premium,F,SI,6.82,6.79
8154,1,Premium,F,VVS,6.37,6.32
9668,1.09,Ideal,F,VVS,6.52,6.6
2753,0.84,Good,I,VS,5.94,5.9
561,0.32,Good,G,VS,4.3,4.35
6098,1,Very Good,F,VS,6.57,6.62
890,0.43,Ideal,J,IF,4.84,4.87
1071,0.51,Ideal,D,I,5.15,5.06
2002,0.71,Fair,E,SI,5.63,5.51
10483,1.21,Ideal,G,VVS,6.85,6.89
5301,1.01,Premium,E,SI,6.54,6.46
11982,1.53,Premium,H,VVS,7.41,7.46
796,0.3,Premium,H,VVS,4.38,4.35
1661,0.6,Very Good,F,SI,5.46,5.5
4989,1.08,Ideal,E,SI,6.55,6.6
16601,1.53,Premium,G,VVS,7.49,7.45
832,0.3,Very Good,F,VVS,4.28,4.3
1113,0.53,Ideal,G,SI,5.21,5.25
17160,2.22,Very Good,I,SI,8.29,8.35
14578,1.54,Premium,F,VS,7.43,7.38
5214,1.33,Premium,H,SI,7.07,7.01
463,0.33,Ideal,I,VS,4.42,4.49
5082,1.1,Very Good,I,VS,6.67,6.71
11999,1.53,Ideal,F,SI,7.34,7.39
731,0.3,Ideal,E,VVS,4.33,4.35
10727,1.75,Very Good,H,SI,7.72,7.8
4515,1.04,Ideal,H,SI,6.49,6.46
3749,1.01,Very Good,J,SI,6.35,6.4
2031,0.73,Very Good,J,SI,5.85,5.9
819,0.3,Premium,H,VVS,4.3,4.27
1915,0.56,Ideal,E,VS,5.3,5.27
2686,0.71,Premium,F,VS,5.81,5.77
463,0.27,Very Good,E,VS,4.17,4.21
614,0.3,Good,E,VS,4.26,4.29
3718,0.75,Very Good,E,VS,5.81,5.78
2155,0.59,Very Good,G,VVS,5.32,5.36
4135,0.82,Ideal,D,SI,5.97,5.99
1244,0.52,Good,G,SI,5.07,5.1
737,0.4,Ideal,E,SI,4.74,4.78
767,0.35,Premium,E,VS,4.59,4.63
1072,0.49,Premium,F,SI,5.1,5.08
11128,1.5,Fair,E,SI,7.45,7.4
8688,1.72,Ideal,J,SI,7.66,7.62
10539,1.04,Premium,E,VVS,6.46,6.41
10149,1.57,Premium,H,SI,7.38,7.32
9122,1.23,Premium,F,VS,6.94,6.9
1341,0.6,Premium,H,SI,5.54,5.5
672,0.32,Ideal,H,VS,4.4,4.39
506,0.3,Very Good,J,VS,4.3,4.25
3911,0.77,Very Good,E,VS,5.94,6.01
6300,1.15,Ideal,I,SI,6.68,6.72
2675,0.73,Very Good,F,SI,5.74,5.76
838,0.33,Ideal,H,IF,4.44,4.48
1363,0.51,Good,D,SI,5.21,5.25
1404,0.48,Ideal,F,VS,5.1,5.08
3108,0.77,Ideal,F,SI,5.89,5.95
2079,0.55,Ideal,E,VS,5.33,5.3
608,0.3,Premium,H,VS,4.27,4.22
6033,1.14,Premium,F,SI,6.75,6.7
1264,0.51,Ideal,D,SI,5.12,5.15
11379,1.52,Ideal,H,VS,7.38,7.43
6048,1,Premium,G,VS,6.4,6.3
4145,1.41,Fair,H,I,7.05,7
1446,0.52,Very Good,D,SI,5.11,5.15
9557,1.55,Very Good,E,SI,7.56,7.59
1074,0.4,Ideal,E,SI,4.76,4.72
5731,1.01,Very Good,D,SI,6.33,6.38
1352,0.52,Ideal,G,SI,5.18,5.2
1232,0.39,Premium,F,VVS,4.73,4.75
5445,1,Premium,E,SI,6.37,6.46
12907,2,Fair,I,VS,7.98,7.88
907,0.31,Very Good,G,VVS,4.32,4.26
17666,2.29,Premium,H,SI,8.43,8.37
1017,0.4,Premium,H,VVS,4.69,4.72
13439,1.37,Ideal,G,IF,7.11,7.15
4426,0.95,Premium,G,SI,6.47,6.42
1163,0.4,Ideal,F,VVS,4.76,4.74
5622,1.01,Very Good,D,SI,6.33,6.37
911,0.3,Ideal,E,VS,4.31,4.28
666,0.33,Ideal,F,VS,4.43,4.47
7970,1.12,Ideal,G,VS,6.67,6.69
577,0.27,Ideal,F,VS,4.17,4.2
3790,1.01,Premium,J,VS,6.39,6.34
589,0.32,Good,D,SI,4.35,4.38
1443,0.51,Ideal,E,SI,5.14,5.12
1814,0.7,Premium,I,VS,5.71,5.66
2192,0.7,Very Good,F,SI,5.62,5.69
7553,1.51,Premium,J,VS,7.36,7.35
2382,0.7,Very Good,F,SI,5.64,5.7
3473,0.9,Premium,D,SI,6.16,6.12
447,0.34,Premium,F,SI,4.55,4.58
723,0.33,Ideal,E,VS,4.43,4.46
3441,0.85,Ideal,E,SI,6.14,6.19
459,0.34,Ideal,I,SI,4.49,4.52
11460,1.51,Good,E,SI,7.23,7.28
3646,0.93,Premium,H,SI,6.24,6.21
928,0.33,Ideal,E,VS,4.42,4.37
764,0.3,Ideal,G,VVS,4.32,4.35
574,0.3,Very Good,D,SI,4.3,4.26
10333,1.7,Ideal,H,VS,7.61,7.54
11967,1.51,Ideal,H,VS,7.34,7.29
605,0.3,Good,G,VS,4.27,4.31
389,0.3,Ideal,H,SI,4.33,4.36
6662,1.03,Very Good,F,VS,6.47,6.49
7897,1.5,Good,H,SI,7.2,7.25
5632,1.23,Premium,I,VS,6.9,6.84
5154,1,Premium,G,SI,6.22,6.18
17079,2.01,Very Good,D,SI,8.07,8.15
1107,0.41,Premium,F,VS,4.77,4.75
2909,0.71,Ideal,H,VS,5.7,5.74
2268,0.7,Premium,G,SI,5.64,5.6
612,0.32,Ideal,E,VS,4.41,4.46
2686,0.71,Premium,F,VS,5.71,5.66
972,0.32,Ideal,D,VS,4.45,4.38
5547,0.9,Very Good,D,VS,6.11,6.14
939,0.33,Ideal,F,VVS,4.47,4.51
1963,0.56,Ideal,D,VS,5.27,5.31
1247,0.35,Premium,D,VVS,4.55,4.53
1087,0.42,Premium,H,VS,4.84,4.77
487,0.3,Ideal,G,SI,4.31,4.34
705,0.41,Very Good,F,SI,4.71,4.78
1879,0.51,Ideal,H,IF,5.14,5.18
1736,0.5,Premium,F,VS,5.12,5.1
851,0.46,Ideal,F,SI,4.95,4.98
11781,1.68,Ideal,E,SI,7.7,7.79
4181,0.83,Ideal,G,VS,5.99,6.03
6459,1.07,Ideal,F,VS,6.5,6.47
5147,1.01,Premium,D,SI,6.66,6.59
15618,2.01,Good,H,SI,8.22,8.18
1866,0.6,Ideal,F,VS,5.39,5.37
2359,0.78,Fair,G,SI,5.86,5.79
4063,0.97,Premium,F,SI,6.31,6.35
1963,0.56,Ideal,D,VS,5.32,5.36
6776,1.22,Ideal,H,SI,6.85,6.83
6421,1.5,Good,J,SI,7.25,7.18
4912,1.01,Very Good,E,SI,6.32,6.35
9808,1.55,Ideal,F,SI,7.36,7.42
1166,0.72,Good,F,I,5.72,5.62
652,0.33,Good,D,VS,4.4,4.44
2723,0.73,Good,E,VS,5.67,5.73
1959,0.51,Very Good,D,VS,5.1,5.13
2238,0.52,Ideal,G,VVS,5.15,5.2
1743,0.52,Ideal,G,VS,5.17,5.14
726,0.36,Premium,H,VVS,4.58,4.6
4444,1.24,Premium,H,SI,6.84,6.8
1851,0.51,Ideal,E,VS,5.16,5.11
14386,1.55,Very Good,G,VS,7.46,7.51
3791,1.24,Very Good,J,SI,6.79,6.74
1709,0.51,Very Good,G,VS,5.08,5.04
4657,1.2,Premium,J,SI,6.84,6.81
15529,1.51,Ideal,G,VVS,7.34,7.31
4044,1.02,Ideal,G,SI,6.42,6.37
3572,1.19,Premium,E,I,6.91,6.87
18691,1.5,Very Good,G,VS,7.31,7.38
5765,1.2,Ideal,I,VS,6.95,7.04
3942,1.1,Ideal,E,I,6.63,6.59
974,0.34,Ideal,G,IF,4.5,4.53
10214,1.52,Very Good,E,SI,7.31,7.25
1676,0.5,Ideal,E,VS,5.11,5.07
965,0.33,Ideal,G,VVS,4.46,4.42
1625,0.53,Ideal,G,VS,5.23,5.24
696,0.4,Ideal,E,SI,4.74,4.76
14680,1.52,Very Good,D,VS,7.32,7.24
858,0.43,Ideal,H,SI,4.83,4.77
506,0.3,Very Good,G,SI,4.28,4.25
382,0.28,Very Good,G,SI,4.2,4.25
2107,0.7,Premium,F,SI,5.69,5.65
3453,0.9,Good,F,SI,6.15,6.12
1607,0.59,Ideal,E,SI,5.36,5.39
589,0.32,Ideal,D,SI,4.39,4.42
2670,0.72,Premium,D,SI,5.88,5.79
382,0.3,Ideal,G,SI,4.26,4.3
7964,1.01,Premium,E,VS,6.39,6.33
7966,1,Ideal,D,VS,6.4,6.43
14542,1.51,Ideal,G,VS,7.38,7.41
880,0.34,Premium,H,VVS,4.5,4.46
1984,0.58,Premium,G,VS,5.41,5.35
6499,1.01,Premium,G,VS,6.38,6.46
13398,1.7,Ideal,G,VS,7.61,7.57
9711,1.01,Premium,E,VVS,6.42,6.36
9694,1.51,Very Good,H,SI,7.28,7.33
787,0.28,Very Good,F,IF,4.27,4.29
1305,0.71,Premium,J,SI,5.74,5.7
2147,0.6,Ideal,G,VS,5.43,5.47
4649,1,Ideal,I,SI,6.38,6.41
12795,1.19,Ideal,D,VVS,6.76,6.86
988,0.39,Ideal,F,VVS,4.71,4.74
3820,0.9,Ideal,G,SI,6.11,6.15
4826,0.98,Very Good,H,VS,6.45,6.38
2960,0.7,Very Good,D,VS,5.61,5.69
5951,1.02,Good,G,VS,6.28,6.34
523,0.31,Premium,G,SI,4.34,4.3
2210,0.7,Very Good,D,SI,5.59,5.65
6600,1,Premium,E,VS,6.39,6.42
929,0.32,Ideal,F,IF,4.4,4.44
561,0.32,Ideal,G,VS,4.38,4.4
3114,0.9,Good,H,SI,6.14,6.22
9276,1.07,Ideal,G,VVS,6.58,6.5
1273,0.42,Ideal,E,VVS,4.81,4.76
5807,1.22,Ideal,I,SI,6.99,6.93
932,0.36,Premium,F,VS,4.6,4.56
925,0.5,Good,D,SI,5.09,5.02
6683,1.02,Premium,G,VS,6.55,6.49
12554,2.11,Premium,J,SI,8.29,8.2
4305,1,Good,H,VS,6.35,6.26
2421,0.7,Good,H,VS,5.71,5.74
705,0.41,Very Good,E,SI,4.72,4.77
4642,1.01,Premium,H,SI,6.44,6.33
740,0.25,Ideal,E,VVS,4.07,4.04
2560,0.7,Ideal,E,SI,5.67,5.64
2443,0.7,Good,I,VS,5.65,5.7
673,0.29,Ideal,G,VVS,4.29,4.33
2776,0.72,Ideal,G,SI,5.79,5.82
13316,1.54,Premium,D,SI,7.35,7.31
689,0.4,Ideal,E,SI,4.73,4.76
4372,1.06,Premium,F,SI,6.5,6.54
2761,0.74,Ideal,I,VVS,5.77,5.81
17193,2.3,Ideal,I,SI,8.43,8.39
5416,1.04,Premium,H,VS,6.48,6.44
825,0.4,Ideal,G,VS,4.76,4.79
745,0.34,Ideal,E,VS,4.45,4.47
15829,1.71,Very Good,G,VS,7.56,7.66
530,0.23,Ideal,F,VVS,3.98,4.02
4081,1,Very Good,F,SI,6.3,6.39
2905,0.95,Good,I,SI,6.23,6.13
6526,1.19,Very Good,F,SI,6.85,6.89
8015,1.07,Premium,E,VS,6.69,6.64
1154,0.54,Good,H,SI,5.15,5.22
8429,1.31,Ideal,H,VS,7.02,7.05
7881,1.23,Ideal,I,VS,6.88,6.9
1359,0.51,Ideal,D,SI,5.12,5.1
878,0.3,Premium,G,VVS,4.33,4.29
1289,0.38,Ideal,D,VVS,4.66,4.68
1607,0.53,Ideal,G,VS,5.31,5.3
946,0.33,Ideal,G,IF,4.47,4.51
5783,1.09,Very Good,G,VS,6.59,6.73
3932,0.92,Premium,I,VVS,6.17,6.14
1384,0.55,Good,I,VVS,5.32,5.36
1443,0.51,Very Good,G,VS,5.06,5.05
970,0.33,Ideal,E,VVS,4.53,4.56
5339,1.01,Very Good,E,SI,6.36,6.42
1094,0.36,Premium,E,VS,4.67,4.64
829,0.33,Ideal,F,VVS,4.42,4.45
767,0.35,Very Good,E,VS,4.46,4.49
17904,1.74,Premium,G,VS,7.78,7.69
2052,0.5,Premium,F,VVS,5.07,5.1
10436,1.19,Ideal,F,VVS,6.82,6.85
758,0.32,Very Good,D,VS,4.34,4.39
828,0.28,Premium,E,VVS,4.21,4.18
574,0.34,Very Good,F,SI,4.48,4.44
2553,0.69,Very Good,G,VVS,5.6,5.72
3024,0.9,Good,H,SI,6.08,6.13
499,0.33,Very Good,J,VVS,4.44,4.45
608,0.33,Very Good,I,VVS,4.38,4.42
4766,1.13,Very Good,I,SI,6.68,6.72
949,0.36,Ideal,E,VS,4.57,4.59
758,0.32,Ideal,E,VS,4.35,4.39
666,0.33,Premium,F,VS,4.4,4.45
8359,1,Good,E,VVS,6.27,6.24
921,0.38,Very Good,D,VS,4.66,4.69
596,0.4,Very Good,J,VS,4.67,4.71
5543,1.01,Ideal,D,SI,6.47,6.44
2155,0.64,Ideal,G,VS,5.54,5.56
405,0.3,Very Good,I,SI,4.28,4.31
838,0.33,Ideal,G,VVS,4.46,4.47
12543,1.13,Premium,F,IF,6.78,6.76
6019,1.01,Ideal,G,VS,6.43,6.4
13609,1.54,Premium,G,VS,7.34,7.37
1116,0.49,Very Good,F,SI,4.99,5.02
5159,1.06,Ideal,G,SI,6.52,6.55
784,0.34,Very Good,E,VS,4.47,4.52
2415,0.7,Good,E,VS,5.64,5.58
3239,0.9,Very Good,E,SI,6.06,5.99
2496,0.78,Ideal,G,SI,5.94,5.99
9856,1.6,Ideal,G,VS,7.47,7.43
15097,2.12,Premium,I,SI,8.27,8.3
1633,0.54,Ideal,H,VS,5.23,5.27
506,0.3,Premium,G,SI,4.29,4.25
1657,0.5,Very Good,F,VS,5.18,5.2
5051,0.72,Ideal,F,VVS,5.83,5.81
1186,0.41,Very Good,F,VVS,4.75,4.78
17455,1.56,Ideal,F,VS,7.48,7.46
744,0.41,Ideal,D,SI,4.77,4.8
1949,0.57,Ideal,E,VS,5.31,5.29
1438,0.51,Ideal,H,VS,5.08,5.13
5695,1.16,Very Good,D,SI,6.72,6.78
817,0.36,Ideal,E,VS,4.55,4.58
612,0.32,Premium,G,SI,4.46,4.43
572,0.33,Premium,I,SI,4.43,4.39
938,0.5,Fair,F,SI,4.97,4.83
745,0.34,Ideal,E,VS,4.5,4.52
921,0.43,Very Good,E,SI,4.79,4.77
6263,1.31,Very Good,H,SI,6.96,7.01
518,0.3,Ideal,I,VS,4.27,4.31
921,0.31,Ideal,F,IF,4.35,4.38
788,0.41,Very Good,H,VS,4.8,4.82
765,0.34,Ideal,G,VS,4.5,4.47
694,0.4,Ideal,E,SI,4.72,4.74
6022,1.21,Good,H,SI,6.98,7.01
3283,0.72,Ideal,E,VS,5.69,5.72
6112,1.04,Ideal,D,SI,6.51,6.54
2980,0.86,Premium,F,SI,6.12,6.15
2283,0.5,Ideal,F,VVS,5.13,5.18
8110,1.26,Ideal,H,SI,6.88,6.93
4830,1.15,Premium,I,SI,6.75,6.68
5524,1.08,Very Good,H,VS,6.72,6.74
10993,1.51,Ideal,G,SI,7.38,7.32
1024,0.35,Premium,E,VVS,4.66,4.61
8588,1.2,Ideal,F,VS,6.88,6.85
552,0.37,Ideal,H,SI,4.6,4.61
2072,0.71,Good,F,SI,5.64,5.61
758,0.32,Ideal,D,VS,4.39,4.41
766,0.38,Ideal,F,SI,4.68,4.72
2449,0.72,Ideal,G,SI,5.79,5.82
906,0.35,Ideal,F,VS,4.56,4.53
16295,2.05,Good,G,SI,8.03,7.99
3950,0.9,Very Good,F,SI,6.16,6.2
1230,0.41,Ideal,D,VS,4.82,4.78
18741,2.01,Premium,G,SI,8.23,8.15
2230,0.7,Very Good,F,SI,5.67,5.7
1140,0.32,Ideal,E,VVS,4.43,4.45
3738,1.03,Ideal,J,SI,6.48,6.43
574,0.34,Premium,F,SI,4.47,4.45
4997,1.1,Good,G,SI,6.52,6.55
17228,1.7,Premium,G,VVS,7.64,7.59
10412,1.11,Ideal,F,VVS,6.62,6.66
6694,1.02,Very Good,G,VS,6.44,6.48
1867,0.61,Ideal,I,VVS,5.51,5.47
882,0.4,Good,E,SI,4.74,4.7
1789,0.59,Ideal,E,SI,5.39,5.34
5924,1.29,Premium,H,SI,7.02,6.95
1547,0.42,Very Good,D,VVS,4.76,4.8
16316,1.74,Ideal,G,VS,7.72,7.68
802,0.31,Ideal,H,VVS,4.38,4.34
1961,0.7,Ideal,I,SI,5.7,5.73
1219,0.6,Premium,H,SI,5.43,5.39
2668,0.76,Very Good,E,SI,5.76,5.8
3368,0.9,Very Good,F,SI,6.11,6.16
4879,1.21,Premium,I,SI,6.94,6.91
1744,0.51,Ideal,F,VS,5.13,5.15
9023,1.16,Very Good,G,VVS,6.77,6.83
9273,1.29,Ideal,H,VS,6.97,7.02
680,0.31,Ideal,F,VS,4.39,4.42
6684,1.21,Very Good,H,VS,6.77,6.82
512,0.25,Good,E,IF,3.91,3.95
765,0.34,Premium,G,VS,4.47,4.41
17447,2,Good,H,SI,8.21,8.26
6887,1.22,Ideal,I,VS,6.83,6.79
378,0.23,Very Good,E,VS,3.93,3.99
1013,0.36,Ideal,E,VS,4.63,4.59
2337,0.75,Premium,D,SI,5.94,5.9
2048,0.7,Very Good,H,SI,5.85,5.9
757,0.31,Fair,F,VVS,4.45,4.48
553,0.32,Ideal,I,VVS,4.39,4.42
6002,1.07,Very Good,D,SI,6.64,6.68
2498,0.79,Premium,H,SI,6.04,5.98
805,0.34,Ideal,E,VS,4.45,4.51
2956,0.74,Very Good,H,VS,5.81,5.84
1010,0.33,Premium,H,IF,4.43,4.38
1815,0.52,Premium,E,VS,5.17,5.1
4363,1.05,Premium,F,SI,6.58,6.49
3090,0.87,Ideal,F,SI,6.03,6.13
2869,0.72,Ideal,E,SI,5.77,5.84
2050,0.67,Premium,G,VS,5.68,5.63
1930,0.56,Ideal,E,VS,5.29,5.32
1648,0.53,Very Good,G,VS,5.15,5.18
776,0.3,Ideal,G,VS,4.32,4.3
1286,0.5,Premium,F,SI,5.11,5.08
2993,0.69,Very Good,F,VVS,5.64,5.67
5028,0.97,Ideal,D,SI,6.24,6.3
3908,0.9,Ideal,I,SI,6.2,6.22
698,0.31,Very Good,G,VS,4.37,4.31
4620,1.5,Good,I,I,7.19,7.25
765,0.34,Ideal,G,VS,4.51,4.49
1053,0.4,Ideal,I,IF,4.7,4.72
1332,0.58,Premium,H,SI,5.47,5.41
4082,0.9,Premium,H,VS,6.21,6.17
9900,1.5,Premium,I,VS,7.25,7.3
758,0.36,Premium,I,IF,4.58,4.63
3297,0.8,Ideal,E,SI,5.97,5.94
872,0.31,Premium,E,VS,4.35,4.32
9408,1.32,Ideal,G,VS,7.07,7.13
2093,0.7,Fair,D,SI,5.45,5.52
16789,2.02,Good,I,VS,8.25,8.3
1908,0.53,Ideal,F,VS,5.21,5.16
7481,1.03,Ideal,G,VS,6.5,6.53
1742,0.61,Ideal,I,VVS,5.46,5.49
5814,1.02,Very Good,E,SI,6.4,6.45
576,0.32,Ideal,I,VS,4.42,4.38
10472,1.6,Ideal,F,SI,7.5,7.53
478,0.26,Ideal,H,VVS,4.08,4.1
447,0.34,Very Good,F,SI,4.44,4.48
1658,0.51,Very Good,D,VS,5.06,5.12
810,0.36,Very Good,E,SI,4.54,4.49
568,0.36,Ideal,I,VS,4.56,4.59
12210,1.28,Premium,E,VS,7.03,6.98
13531,2,Ideal,H,VS,8.11,8.08
6793,1.15,Very Good,H,VVS,6.87,6.9
422,0.3,Very Good,H,SI,4.26,4.22
5892,1.17,Ideal,I,VS,6.74,6.79
1097,0.39,Premium,H,VVS,4.65,4.63
968,0.43,Ideal,I,VVS,4.84,4.81
1156,0.53,Good,E,SI,5.19,5.1
906,0.34,Ideal,F,VVS,4.53,4.56
5935,1,Ideal,E,SI,6.33,6.38
537,0.36,Premium,D,SI,4.56,4.59
6589,1.11,Premium,F,VS,6.62,6.49
1859,0.64,Ideal,E,SI,5.54,5.47
1866,0.72,Ideal,G,SI,5.73,5.69
523,0.32,Ideal,I,VS,4.43,4.47
8938,1.52,Very Good,I,VS,7.27,7.23
5002,1.1,Ideal,H,SI,6.58,6.63
591,0.32,Premium,H,SI,4.38,4.37
1340,0.57,Very Good,G,SI,5.28,5.31
373,0.23,Very Good,E,VS,3.91,3.96
984,0.35,Ideal,E,VS,4.56,4.52
2527,0.73,Premium,F,SI,5.74,5.72
789,0.3,Ideal,E,VVS,4.28,4.31
7607,1,Very Good,E,VS,6.33,6.35
6925,1.12,Good,F,VS,6.59,6.61
1161,0.62,Ideal,I,SI,5.45,5.49
823,0.42,Ideal,G,VS,4.82,4.86
1415,0.5,Premium,E,SI,5.1,5.06
511,0.31,Ideal,I,VVS,4.34,4.39
6206,1.23,Premium,I,VS,6.95,6.89
1754,0.54,Premium,G,VS,5.22,5.26
1990,0.7,Very Good,D,SI,5.68,5.72
842,0.32,Ideal,E,VVS,4.4,4.43
2242,0.7,Good,F,SI,5.62,5.65
596,0.34,Premium,H,VS,4.5,4.53
2952,0.7,Very Good,E,VS,5.66,5.68
972,0.32,Ideal,D,VS,4.48,4.45
3436,0.79,Good,F,VS,6.06,6.14
4296,0.9,Good,G,VS,6.18,6.21
1746,0.5,Premium,E,VS,5.09,5.07
530,0.23,Very Good,E,VVS,4.02,4.04
6041,1.01,Fair,F,VS,6.06,5.99
12443,1.9,Ideal,H,VS,7.9,7.81
2030,0.57,Ideal,E,VS,5.29,5.36
3285,0.8,Premium,F,VS,5.92,5.85
923,0.41,Ideal,G,SI,4.78,4.74
2676,0.7,Ideal,F,VS,5.66,5.72
591,0.27,Very Good,E,VVS,4.18,4.22
1813,0.53,Ideal,E,VS,5.24,5.21
1250,0.43,Ideal,F,VVS,4.85,4.83
1590,0.59,Premium,D,SI,5.33,5.27
522,0.28,Very Good,H,VVS,4.16,4.19
4304,1.01,Very Good,F,SI,6.57,6.62
5461,1.01,Very Good,E,SI,6.43,6.48
8809,1.09,Ideal,E,VS,6.71,6.66
1014,0.34,Ideal,G,IF,4.48,4.51
2675,0.52,Ideal,E,VVS,5.18,5.2
878,0.3,Ideal,G,VVS,4.32,4.29
8377,1.6,Very Good,F,SI,7.52,7.55
798,0.4,Very Good,D,SI,4.67,4.65
828,0.32,Premium,G,VS,4.37,4.33
2048,0.79,Good,J,VS,6.13,6.06
516,0.31,Ideal,E,SI,4.33,4.36
5281,1.07,Ideal,H,SI,6.6,6.68
15965,2.01,Very Good,I,VS,8.02,8.1
1838,0.5,Ideal,G,VVS,5.1,5.13
2316,0.78,Very Good,H,SI,5.85,5.89
5225,0.91,Good,F,VVS,6.12,6.19
1386,0.58,Ideal,H,SI,5.44,5.49
572,0.33,Very Good,I,SI,4.38,4.36
2633,0.71,Ideal,D,SI,5.78,5.71
4749,1.06,Ideal,H,SI,6.67,6.63
1013,0.3,Premium,E,VVS,4.32,4.27
10934,1.58,Premium,D,SI,7.67,7.61
2443,0.72,Ideal,H,VS,5.8,5.74
1070,0.51,Very Good,F,SI,5.06,5.08
863,0.3,Ideal,G,IF,4.33,4.35
4312,1.12,Very Good,I,SI,6.73,6.77
3181,0.8,Ideal,I,VVS,5.98,5.92
1235,0.44,Ideal,D,VS,4.85,4.88
840,0.31,Ideal,F,VVS,4.36,4.4
719,0.41,Premium,G,SI,4.75,4.78
1715,0.8,Fair,G,I,5.86,5.83
14867,2.23,Premium,J,VS,8.39,8.36
4152,0.9,Premium,G,VS,6.22,6.25
2517,0.8,Ideal,G,SI,5.98,5.92
693,0.33,Premium,H,VS,4.52,4.49
1097,0.39,Premium,E,VS,4.75,4.72
682,0.27,Very Good,E,VVS,4.15,4.18
1163,0.4,Premium,F,VVS,4.76,4.72
2123,0.71,Very Good,E,SI,5.71,5.76
2201,0.83,Ideal,I,VS,5.98,5.94
13065,2.14,Ideal,E,SI,8.26,8.21
10197,1.58,Ideal,I,VS,7.49,7.55
12061,1.28,Ideal,F,VS,6.98,7.01
554,0.32,Premium,I,SI,4.39,4.34
936,0.32,Ideal,H,VVS,4.38,4.37
3080,0.71,Ideal,H,VS,5.75,5.78
720,0.32,Premium,G,VS,4.36,4.33
15047,2.22,Very Good,I,SI,8.2,8.24
4460,0.9,Premium,G,VS,6.08,6
2657,0.7,Premium,G,VS,5.83,5.8
2732,0.72,Very Good,G,VS,5.74,5.71
473,0.36,Premium,G,SI,4.62,4.66
1746,0.5,Premium,G,VS,5.14,5.11
15072,2,Good,I,SI,7.93,7.97
12285,1.28,Very Good,F,VVS,7.13,7.17
1213,0.5,Very Good,F,SI,5.1,5.13
17214,2.05,Ideal,J,VVS,8.18,8.11
8808,1.6,Premium,I,SI,7.56,7.61
4523,0.91,Good,E,SI,6.17,6.26
718,0.39,Good,H,VS,4.63,4.66
3210,0.7,Premium,D,VVS,5.71,5.64
5300,1.04,Premium,F,SI,6.48,6.44
2939,0.8,Ideal,E,SI,6.02,6.01
4066,1.1,Very Good,G,SI,6.56,6.54
17955,2.4,Very Good,I,SI,8.59,8.67
10012,1.51,Premium,H,SI,7.46,7.37
18578,2.03,Ideal,F,SI,8.19,8.14
541,0.31,Very Good,I,VVS,4.27,4.32
979,0.38,Ideal,E,VS,4.61,4.66
1577,0.52,Premium,G,VS,5.19,5.13
5624,1.03,Fair,E,SI,6.35,6.24
1993,0.54,Ideal,D,VS,5.26,5.22
3453,0.73,Ideal,E,SI,5.79,5.82
13995,1.58,Premium,D,SI,7.41,7.37
552,0.3,Very Good,D,SI,4.24,4.28
449,0.32,Very Good,H,SI,4.38,4.41
1608,0.41,Ideal,E,VVS,4.8,4.82
802,0.31,Premium,F,VS,4.34,4.29
2401,0.58,Ideal,F,VVS,5.34,5.29
4158,0.9,Premium,F,SI,6.13,6.09
2362,0.55,Ideal,E,VVS,5.25,5.29
11355,2,Premium,G,SI,7.95,7.9
2496,0.73,Premium,I,VVS,5.78,5.84
16715,2.48,Premium,I,SI,8.68,8.61
5269,1.23,Ideal,I,SI,6.88,6.84
773,0.42,Very Good,H,VS,4.72,4.79
422,0.3,Ideal,I,SI,4.28,4.31
2598,0.52,Ideal,F,IF,5.22,5.21
2549,0.71,Good,I,VVS,5.67,5.71
663,0.34,Ideal,G,VS,4.48,4.46
4158,1.12,Premium,G,SI,6.69,6.67
3011,1.2,Fair,J,I,6.61,6.54
3247,0.7,Ideal,G,VVS,5.65,5.7
871,0.31,Ideal,G,IF,4.37,4.39
794,0.36,Ideal,G,VVS,4.58,4.62
1157,0.46,Good,F,VS,5.11,5.05
2087,0.7,Premium,G,SI,5.7,5.62
12225,1.65,Ideal,H,VVS,7.68,7.65
613,0.41,Ideal,J,VS,4.76,4.79
4561,1.05,Ideal,G,SI,6.52,6.58
1007,0.41,Premium,G,VVS,4.75,4.8
720,0.32,Premium,G,VS,4.39,4.37
14648,2.38,Premium,G,SI,8.59,8.47
1844,0.58,Good,E,SI,5.36,5.33
1056,0.43,Very Good,F,VS,4.84,4.89
1301,0.51,Ideal,I,VS,5.1,5.13
597,0.26,Ideal,E,VVS,4.13,4.18
10738,1.58,Ideal,H,SI,7.53,7.46
2477,0.7,Good,H,VVS,5.72,5.62
679,0.31,Very Good,F,VS,4.37,4.39
1959,0.7,Very Good,J,SI,5.66,5.7
449,0.32,Very Good,I,VS,4.38,4.42
891,0.33,Ideal,E,VVS,4.44,4.46
583,0.36,Very Good,H,VS,4.62,4.66
477,0.32,Very Good,G,SI,4.35,4.38
2669,0.96,Premium,I,SI,6.45,6.25
3507,0.9,Premium,F,SI,6.08,6.04
2822,0.7,Premium,D,SI,5.82,5.75
568,0.3,Ideal,F,VS,4.27,4.3
2106,0.7,Very Good,G,SI,5.66,5.7
2719,0.75,Very Good,E,SI,5.89,5.94
2155,0.7,Good,G,SI,5.68,5.72
3677,0.9,Ideal,J,IF,6.17,6.14
18508,2.32,Very Good,H,SI,8.56,8.6
505,0.32,Premium,I,VS,4.35,4.39
650,0.39,Very Good,E,SI,4.62,4.65
6286,1.18,Very Good,G,SI,6.81,6.85
628,0.34,Very Good,H,SI,4.46,4.45
1629,0.52,Ideal,G,VS,5.15,5.18
612,0.34,Premium,E,SI,4.57,4.55
2234,0.7,Premium,F,SI,5.79,5.72
12707,1.52,Premium,D,SI,7.51,7.55
8574,1.51,Premium,I,SI,7.51,7.45
2756,0.79,Good,F,SI,6.06,6.13
11848,1.36,Ideal,G,VVS,7.14,7.2
12526,1.5,Very Good,F,VS,7.24,7.29
540,0.32,Premium,G,SI,4.4,4.35
2022,0.62,Very Good,D,VS,5.59,5.66
1807,0.5,Premium,D,VS,5.05,5.01
1879,0.55,Very Good,G,VVS,5.39,5.47
7667,1.14,Ideal,G,VS,6.74,6.77
884,0.36,Ideal,G,VVS,4.58,4.6
872,0.31,Ideal,E,VS,4.37,4.34
7211,1.03,Ideal,G,VS,6.48,6.42
3609,1.06,Ideal,F,I,6.57,6.54
530,0.23,Ideal,F,VVS,3.95,3.97
570,0.41,Good,G,SI,4.7,4.75
7130,1.06,Premium,G,VS,6.56,6.51
706,0.35,Ideal,H,VVS,4.48,4.54
1294,0.44,Ideal,D,VS,4.88,4.84
2270,0.67,Good,E,VS,5.57,5.6
8563,1.2,Good,E,VS,6.69,6.71
666,0.33,Premium,G,VS,4.43,4.49
7354,1.14,Ideal,H,VVS,6.69,6.72
2166,0.61,Ideal,G,VS,5.45,5.49
2082,0.58,Very Good,E,VS,5.31,5.34
2289,0.51,Very Good,D,VVS,5.1,5.07
1271,0.5,Fair,G,VS,4.98,4.94
2318,0.56,Ideal,G,VVS,5.3,5.28
2611,0.59,Ideal,F,VVS,5.36,5.38
2295,0.74,Ideal,F,SI,5.84,5.82
2277,0.79,Ideal,I,SI,5.92,5.97
2012,0.52,Ideal,G,VVS,5.26,5.24
3039,0.7,Fair,F,VS,5.56,5.59
1630,0.53,Ideal,F,VS,5.2,5.22
1651,0.71,Good,I,SI,5.71,5.79
8590,1.04,Ideal,G,VVS,6.53,6.47
794,0.36,Ideal,G,VVS,4.59,4.62
14482,1.52,Ideal,G,VS,7.4,7.45
18176,1.7,Very Good,E,VS,7.84,7.92
10314,1.51,Very Good,H,SI,7.29,7.32
12229,2.01,Very Good,H,SI,8.04,8
2199,0.79,Premium,J,SI,6.08,6.06
8237,1.03,Ideal,F,VS,6.48,6.39
9784,1.6,Premium,I,VS,7.63,7.56
743,0.33,Premium,H,VS,4.53,4.52
6442,1.3,Ideal,F,SI,6.96,7
863,0.3,Ideal,G,IF,4.31,4.33
756,0.32,Very Good,D,SI,4.38,4.37
384,0.23,Ideal,G,VS,3.96,3.99
1387,0.52,Premium,E,SI,5.21,5.17
18477,2.03,Premium,E,SI,8.24,8.16
3682,1.01,Very Good,G,SI,6.41,6.46
365,0.32,Premium,J,SI,4.37,4.41
3107,0.7,Good,D,VS,5.73,5.76
979,0.35,Ideal,G,IF,4.63,4.64
1013,0.3,Ideal,E,VVS,4.31,4.28
2059,0.7,Good,F,SI,5.58,5.55
13190,1.71,Ideal,H,VS,7.64,7.68
7434,1.5,Good,G,SI,7.45,7.41
4887,1.01,Fair,G,VS,6.25,6.18
554,0.24,Premium,H,VVS,4.07,4.04
13079,1.56,Premium,G,VS,7.47,7.52
743,0.33,Ideal,H,VS,4.46,4.44
720,0.32,Premium,G,VS,4.38,4.33
4390,1,Very Good,E,SI,6.29,6.25
401,0.25,Good,H,VVS,4.05,4.07
625,0.31,Very Good,F,VS,4.27,4.31
8120,1.07,Ideal,G,VVS,6.56,6.46
1438,0.53,Ideal,E,SI,5.21,5.25
3276,1,Very Good,I,SI,6.44,6.35
10115,1.17,Premium,D,VS,6.77,6.72
4094,0.72,Ideal,E,VVS,5.75,5.78
1605,0.52,Premium,D,SI,5.15,5.13
4054,1.17,Good,J,SI,6.66,6.73
2096,0.71,Good,H,SI,5.61,5.65
6628,1.03,Premium,G,VS,6.41,6.46
6061,1.07,Very Good,F,SI,6.54,6.6
729,0.31,Ideal,F,VS,4.34,4.36
5088,1,Ideal,G,SI,6.45,6.37
10053,1.51,Very Good,H,SI,7.23,7.34
7070,1.05,Ideal,G,VS,6.53,6.55
1286,0.5,Premium,F,SI,5.07,5.01
2993,0.7,Ideal,F,VS,5.65,5.7
16778,2.01,Premium,I,VS,8.17,8.14
1377,0.57,Ideal,F,SI,5.32,5.36
552,0.4,Ideal,J,SI,4.71,4.74
1068,0.5,Very Good,F,SI,5.09,5.14
1418,0.46,Ideal,F,VS,4.91,4.94
666,0.33,Ideal,G,VS,4.44,4.48
4274,1.2,Premium,F,SI,6.73,6.67
5149,1.13,Ideal,I,SI,6.68,6.66
11268,1.24,Very Good,F,VVS,6.75,6.8
15464,1.11,Ideal,E,IF,6.65,6.69
5090,1.06,Very Good,E,SI,6.53,6.62
552,0.24,Very Good,F,VVS,4.07,4.1
4980,1.04,Premium,H,SI,6.62,6.57
6559,1.21,Good,G,VVS,6.74,6.65
13102,1.73,Very Good,H,VS,7.78,7.82
532,0.3,Ideal,I,VVS,4.29,4.32
958,0.5,Good,D,SI,5.05,4.96
8096,1.02,Ideal,E,VS,6.52,6.59
2258,0.71,Ideal,E,SI,5.79,5.73
6541,1.22,Ideal,H,SI,6.84,6.89
4922,0.91,Ideal,G,SI,6.21,6.29
2271,0.54,Ideal,G,IF,5.16,5.2
2378,0.47,Ideal,D,VVS,4.98,5
5308,1.27,Ideal,F,SI,6.9,6.95
665,0.32,Ideal,G,VS,4.43,4.5
5936,1.13,Ideal,D,SI,6.74,6.68
2948,0.9,Fair,I,SI,5.92,5.86
5393,1.02,Very Good,H,VS,6.55,6.48
5035,1.09,Ideal,E,SI,6.6,6.64
1781,0.51,Ideal,G,VS,5.14,5.07
561,0.32,Premium,G,VS,4.33,4.38
2744,0.75,Ideal,F,SI,5.82,5.77
921,0.39,Very Good,F,SI,4.67,4.62
2896,0.53,Ideal,F,VVS,5.18,5.24
1081,0.55,Premium,G,SI,5.33,5.35
802,0.31,Ideal,F,VS,4.37,4.36
4013,0.74,Ideal,F,VVS,5.83,5.86
2905,0.91,Very Good,J,SI,6.17,6.12
16733,2.01,Ideal,H,SI,7.91,7.84
8927,1.36,Ideal,G,SI,7.17,7.2
603,0.3,Ideal,E,VS,4.28,4.3
854,0.33,Premium,G,VS,4.52,4.44
972,0.32,Ideal,D,VS,4.39,4.36
1041,0.37,Ideal,E,VS,4.61,4.58
2913,0.91,Premium,I,SI,6.18,6.23
5833,1.05,Ideal,H,VS,6.55,6.52
5455,1.03,Very Good,I,VS,6.45,6.5
802,0.31,Ideal,H,VVS,4.36,4.34
3690,1.1,Ideal,F,I,6.68,6.62
1389,0.52,Ideal,G,SI,5.2,5.24
5759,1.01,Premium,G,VS,6.48,6.55
984,0.5,Very Good,H,SI,5.09,5.02
776,0.3,Ideal,G,VS,4.31,4.28
3002,0.72,Good,F,VS,5.68,5.63
2124,0.59,Very Good,F,SI,5.39,5.36
722,0.42,Good,F,SI,4.75,4.79
5717,1.19,Ideal,E,SI,6.84,6.87
999,0.41,Ideal,E,VS,4.79,4.74
1908,0.53,Ideal,F,VS,5.22,5.18
3210,0.9,Good,F,SI,6.16,6.06
4951,0.7,Ideal,F,VVS,5.72,5.75
2346,0.34,Ideal,D,IF,4.52,4.46
4743,1.31,Premium,F,SI,7.03,6.86
625,0.31,Premium,H,VVS,4.31,4.36
1941,0.54,Ideal,D,VS,5.21,5.25
8176,1.54,Premium,G,SI,7.31,7.26
2235,0.71,Ideal,F,SI,5.73,5.69
2697,0.63,Ideal,E,VVS,5.52,5.49
13833,2.01,Premium,I,SI,8.1,8
18398,2.02,Very Good,H,VS,7.96,8.01
1750,0.51,Very Good,G,VVS,5.06,5.12
805,0.34,Ideal,D,VS,4.49,4.52
1268,0.51,Good,D,SI,5.1,5.04
5267,1.21,Very Good,J,VS,6.87,6.9
896,0.37,Ideal,E,VVS,4.61,4.64
5645,1,Very Good,D,SI,6.34,6.3
11795,1.5,Premium,E,SI,7.5,7.47
581,0.3,Ideal,H,VVS,4.34,4.38
1019,0.57,Ideal,G,I,5.46,5.42
2491,0.76,Premium,F,SI,5.88,5.83
4742,1.08,Good,E,SI,6.54,6.49
646,0.28,Premium,E,VVS,4.18,4.21
2553,0.52,Premium,D,VVS,5.31,5.27
11688,1.5,Very Good,E,SI,7.32,7.36
663,0.31,Premium,F,SI,4.38,4.35
911,0.3,Ideal,D,VS,4.34,4.29
438,0.3,Ideal,I,VS,4.29,4.31
2326,0.7,Ideal,H,SI,5.77,5.72
6671,1.45,Very Good,J,VS,7.14,7.17
625,0.31,Very Good,F,VS,4.32,4.34
3301,0.73,Ideal,H,IF,5.76,5.82
2768,0.71,Premium,D,SI,5.71,5.67
8888,1,Premium,E,VVS,6.32,6.34
10907,2,Very Good,J,SI,8.12,8.17
739,0.33,Ideal,D,VS,4.47,4.48
3198,0.71,Ideal,E,VS,5.71,5.75
3077,0.71,Premium,D,VS,5.76,5.69
6369,1.1,Very Good,G,VS,6.59,6.65
2437,0.71,Very Good,E,VS,5.66,5.63
650,0.34,Premium,G,SI,4.56,4.46
642,0.32,Very Good,F,VS,4.48,4.51
680,0.31,Ideal,E,VS,4.34,4.37
10255,1.7,Very Good,H,SI,7.67,7.72
7479,1.06,Premium,D,VS,6.7,6.65
7041,1.04,Premium,D,VS,6.53,6.5
2631,0.75,Premium,G,SI,5.87,5.83
1122,0.34,Premium,G,VVS,4.5,4.47
5632,1.11,Ideal,H,VS,6.52,6.46
1407,0.58,Premium,E,SI,5.52,5.39
647,0.35,Premium,H,SI,4.54,4.47
5055,1.07,Premium,H,SI,6.56,6.49
9224,1,Very Good,E,VVS,6.33,6.36
18020,2.51,Premium,J,VS,8.73,8.67
7079,1.32,Ideal,I,VS,7.02,7.07
383,0.31,Very Good,I,SI,4.4,4.45
4632,1.01,Very Good,F,SI,6.29,6.24
6190,1.21,Very Good,G,SI,6.71,6.73
10873,1.5,Very Good,I,VVS,7.3,7.34
13286,2.02,Good,I,SI,7.85,7.99
449,0.32,Good,H,SI,4.34,4.37
11854,2.06,Good,J,SI,8.09,7.97
2169,0.71,Premium,F,SI,5.7,5.67
11175,1.3,Ideal,G,VVS,7.03,6.96
8157,1.02,Ideal,F,VS,6.45,6.41
1615,0.5,Very Good,F,VS,5.1,5.12
507,0.31,Ideal,H,VS,4.32,4.36
7810,1.21,Ideal,H,SI,6.89,6.94
454,0.34,Ideal,E,SI,4.5,4.52
6246,1.56,Good,G,SI,7.35,7.31
3206,0.7,Good,F,VVS,5.69,5.74
8001,1.52,Fair,H,SI,7.14,7.1
3718,1.04,Ideal,F,I,6.51,6.46
4692,1.05,Premium,H,SI,6.5,6.45
2142,0.7,Ideal,I,VS,5.61,5.67
1847,0.54,Ideal,E,VS,5.23,5.2
3869,0.94,Premium,F,SI,6.27,6.25
9352,1.52,Ideal,I,VS,7.35,7.4
579,0.33,Premium,E,SI,4.41,4.43
7162,1.32,Ideal,I,SI,6.99,7.04
2214,0.59,Very Good,E,VVS,5.48,5.53
4128,0.9,Ideal,D,VS,6.25,6.2
698,0.31,Ideal,H,VS,4.36,4.33
958,0.39,Very Good,G,VVS,4.7,4.73
4211,0.91,Very Good,E,SI,6.19,6.23
3369,0.8,Premium,F,VS,5.99,5.91
1290,0.39,Ideal,D,VVS,4.71,4.67
1042,0.42,Good,E,VVS,4.72,4.78
720,0.32,Premium,H,VS,4.4,4.35
15522,1.52,Premium,F,VS,7.42,7.39
14350,2.28,Good,J,SI,8.35,8.28
10551,1.5,Very Good,I,VVS,7.46,7.62
2338,0.7,Very Good,G,VS,5.63,5.57
668,0.37,Ideal,G,VS,4.6,4.61
4556,1.13,Ideal,H,SI,6.74,6.64
2302,0.54,Ideal,D,VVS,5.25,5.31
8451,1.05,Ideal,D,VS,6.54,6.61
1377,0.45,Ideal,G,IF,4.94,4.99
10184,2.01,Very Good,H,SI,7.96,7.88
1153,0.41,Ideal,E,VS,4.8,4.76
1129,0.45,Very Good,E,VS,4.9,4.94
912,0.36,Ideal,H,IF,4.56,4.59
5183,1.23,Premium,H,SI,6.85,6.78
1986,0.73,Very Good,G,SI,5.77,5.79
781,0.33,Ideal,E,VS,4.4,4.42
561,0.32,Premium,E,SI,4.36,4.39
1115,0.41,Very Good,F,VVS,4.79,4.83
8279,1.2,Premium,E,VS,6.78,6.71
3285,1.04,Good,J,VS,6.64,6.53
1183,0.43,Ideal,G,VVS,4.87,4.9
1033,0.34,Ideal,D,VS,4.5,4.44
11511,1.04,Ideal,D,VVS,6.54,6.6
2770,0.76,Very Good,F,SI,5.79,5.81
4955,1.01,Premium,H,VVS,6.55,6.48
2517,0.76,Very Good,H,VS,5.78,5.74
700,0.42,Very Good,H,SI,4.78,5.11
10669,1.62,Premium,I,VS,7.63,7.6
1026,0.3,Premium,E,IF,4.29,4.33
593,0.31,Premium,G,SI,4.35,4.32
5096,1,Ideal,G,SI,6.42,6.41
635,0.26,Ideal,F,VVS,4.07,4.1
5268,1.2,Ideal,E,SI,6.8,6.71
5955,1.2,Very Good,I,SI,6.75,6.77
10215,1.51,Very Good,I,VS,7.32,7.37
794,0.45,Fair,F,SI,5.08,4.98
1079,0.41,Ideal,E,VS,4.76,4.79
10771,1.34,Very Good,F,VS,7.17,7.2
3669,0.95,Premium,J,VVS,6.23,6.26
1079,0.53,Very Good,G,SI,5.28,5.32
378,0.23,Very Good,H,VVS,3.93,3.95
1828,0.71,Fair,H,SI,5.54,5.48
1559,0.5,Ideal,E,VS,5.06,5.1
1100,0.52,Ideal,G,SI,5.19,5.22
1777,0.55,Very Good,F,VS,5.25,5.27
3991,0.91,Very Good,F,SI,6.08,6.11
6760,1.29,Ideal,H,SI,6.89,6.96
3584,0.76,Ideal,E,SI,5.87,5.91
4678,1.02,Premium,F,SI,6.4,6.36
7026,2.05,Good,G,I,8.46,8.3
7598,1.09,Very Good,F,VS,6.51,6.55
4191,0.86,Very Good,D,VS,6.07,6.13
1787,0.51,Ideal,D,VS,5.15,5.18
1600,0.54,Premium,H,VS,5.19,5.22
953,0.46,Ideal,F,SI,4.92,4.94
3503,0.85,Ideal,E,SI,6.05,6.02
2975,0.83,Premium,G,SI,6.02,5.99
1453,0.54,Ideal,I,VS,5.18,5.22
438,0.25,Ideal,G,VS,4.06,4.07
6441,1.01,Premium,G,VS,6.44,6.4
5305,1.09,Very Good,G,SI,6.66,6.7
983,0.47,Ideal,J,SI,5.04,5
2530,0.72,Very Good,I,VVS,5.7,5.72
721,0.31,Very Good,E,VVS,4.24,4.3
4728,1.07,Very Good,I,SI,6.68,6.71
5062,1.13,Ideal,G,SI,6.77,6.74
1774,0.54,Ideal,F,VS,5.28,5.3
471,0.29,Very Good,G,VS,4.24,4.27
3011,0.7,Ideal,F,VS,5.67,5.75
1865,0.7,Fair,H,SI,5.59,5.55
5055,1.01,Very Good,D,SI,6.59,6.66
3217,0.64,Ideal,F,VVS,5.57,5.59
14157,1.5,Premium,G,VVS,7.28,7.32
8951,1.51,Good,I,VS,7.19,7.3
2872,0.7,Very Good,D,SI,5.75,5.82
7253,1.5,Ideal,I,SI,7.37,7.48
816,0.31,Premium,G,VVS,4.38,4.43
1199,0.43,Very Good,D,VS,4.82,4.88
1440,0.53,Good,H,IF,5.16,5.27
2841,0.71,Very Good,D,VS,5.69,5.61
13626,1.76,Premium,H,VS,7.72,7.68
2797,0.8,Very Good,H,VS,5.92,5.82
680,0.3,Very Good,G,VVS,4.33,4.37
1091,0.5,Premium,H,SI,5.15,5.11
2000,0.59,Very Good,F,SI,5.35,5.4
2112,0.71,Fair,H,SI,5.63,5.55
1041,0.37,Premium,E,VS,4.59,4.56
8900,1.72,Ideal,J,SI,7.66,7.62
871,0.38,Ideal,H,VS,4.7,4.73
1031,0.42,Ideal,G,VVS,4.81,4.82
2398,1,Fair,G,I,6.2,6.14
720,0.32,Ideal,D,VS,4.38,4.41
5093,1,Good,D,SI,6.22,6.28
1875,0.7,Premium,G,SI,5.75,5.72
4452,1.06,Ideal,H,SI,6.57,6.49
3703,0.91,Very Good,I,SI,6.09,6.18
1741,0.55,Ideal,E,VS,5.29,5.26
1239,0.5,Good,H,VS,5.21,5.24
3749,1.03,Premium,I,SI,6.46,6.41
3099,0.94,Premium,G,SI,6.16,6.1
8644,1.35,Very Good,H,VVS,6.95,7.03
13133,2.01,Premium,J,SI,8.13,8.15
972,0.32,Ideal,D,VS,4.38,4.36
5853,1.2,Very Good,H,VS,6.69,6.65
4659,1.01,Very Good,H,SI,6.31,6.35
696,0.31,Ideal,D,VS,4.33,4.37
712,0.39,Very Good,I,VS,4.77,4.82
4871,1.09,Ideal,H,SI,6.59,6.56
4678,0.9,Ideal,F,VS,6.17,6.2
988,0.51,Ideal,J,SI,5.06,5.12
1154,0.38,Ideal,E,VVS,4.67,4.7
1569,0.51,Premium,D,SI,5.2,5.22
1046,0.31,Premium,H,IF,4.38,4.34
2895,0.71,Very Good,G,VS,5.75,5.78
1809,0.52,Ideal,H,VVS,5.17,5.22
1625,0.7,Fair,I,SI,5.46,5.5
1410,0.55,Very Good,F,SI,5.28,5.41
3018,0.7,Premium,F,VVS,5.72,5.63
5422,1.01,Very Good,D,SI,6.49,6.45
2394,0.7,Very Good,I,VS,5.63,5.58
4743,1,Premium,F,VS,6.46,6.42
795,0.35,Ideal,F,VVS,4.5,4.53
1934,0.57,Very Good,G,VS,5.38,5.47
7573,1.25,Ideal,H,SI,6.9,6.86
7279,1.21,Very Good,H,VS,6.76,6.91
11087,1.53,Premium,H,VS,7.6,7.57
2042,0.74,Very Good,F,SI,5.75,5.71
854,0.33,Ideal,G,VS,4.47,4.45
4474,1,Good,E,SI,6.34,6.31
1068,0.42,Premium,H,VVS,4.79,4.82
4194,0.9,Premium,G,VS,6.21,6.15
734,0.31,Premium,E,VS,4.3,4.36
590,0.26,Very Good,F,SI,4.18,4.24
473,0.3,Premium,I,VS,4.26,4.3
5033,1.07,Premium,E,SI,6.55,6.46
10098,1.75,Very Good,I,SI,7.71,7.76
2288,0.62,Good,D,VS,5.62,5.55
11667,1.45,Very Good,F,VS,7.12,7.2
499,0.3,Ideal,E,SI,4.29,4.31
2598,0.71,Very Good,G,VS,5.69,5.72
18080,2.32,Ideal,H,SI,8.46,8.52
7079,1.14,Premium,G,VS,6.71,6.68
765,0.34,Ideal,G,VS,4.49,4.46
9873,1.2,Premium,G,VVS,6.84,6.88
828,0.32,Ideal,F,VS,4.41,4.38
5249,1.03,Ideal,D,SI,6.51,6.45
4372,1,Very Good,F,SI,6.35,6.38
1807,0.51,Ideal,D,VS,5.16,5.13
5329,1.22,Very Good,F,SI,6.79,6.75
889,0.39,Premium,E,VS,4.68,4.73
1056,0.4,Ideal,E,VVS,4.77,4.73
987,0.47,Premium,D,SI,5.04,5
1024,0.35,Premium,G,VVS,4.48,4.44
11421,1.53,Premium,G,SI,7.35,7.3
1600,0.52,Ideal,D,SI,5.19,5.22
1558,0.58,Ideal,G,VS,5.4,5.45
788,0.35,Premium,H,VS,4.52,4.49
2762,0.7,Fair,F,VS,5.63,5.58
15694,2,Very Good,H,SI,7.94,8.07
8403,1.01,Very Good,E,VS,6.43,6.48
692,0.37,Premium,E,VS,4.6,4.65
4253,1.05,Ideal,J,SI,6.47,6.5
478,0.24,Very Good,D,VVS,4.02,4.03
2398,0.67,Good,F,VVS,5.46,5.54
15819,2.01,Very Good,I,VS,7.97,8.05
1053,0.4,Premium,E,VS,4.72,4.76
1264,0.43,Premium,G,VVS,4.82,4.8
8707,1.07,Ideal,G,VVS,6.58,6.6
8646,1.16,Ideal,G,VVS,6.71,6.75
647,0.35,Very Good,H,SI,4.53,4.51
4459,1.58,Premium,I,I,7.55,7.51
4413,1.06,Very Good,J,VS,6.49,6.57
854,0.33,Premium,F,VS,4.44,4.42
4268,1.03,Very Good,H,SI,6.43,6.48
6039,1.01,Ideal,F,SI,6.38,6.44
1316,0.5,Premium,E,SI,5.09,5.15
1448,0.5,Very Good,I,VVS,4.98,5.05
1922,0.71,Good,J,VS,5.7,5.79
3114,0.9,Very Good,G,SI,6.22,6.32
3145,0.7,Very Good,E,VS,5.65,5.68
997,0.4,Ideal,G,VVS,4.78,4.82
601,0.31,Ideal,E,SI,4.36,4.39
1376,0.59,Ideal,G,SI,5.36,5.29
879,0.4,Very Good,E,VS,4.67,4.69
1995,0.7,Very Good,H,SI,5.71,5.66
919,0.39,Ideal,G,SI,4.7,4.74
4424,1.03,Fair,G,SI,6.36,6.31
5950,1.01,Fair,G,VS,6.2,6.15
3801,1.01,Ideal,J,SI,6.5,6.45
2372,0.75,Very Good,F,SI,5.75,5.71
2837,0.7,Ideal,E,VS,5.74,5.69
746,0.37,Premium,F,VS,4.55,4.58
4510,1,Good,H,SI,6.36,6.42
5267,1.1,Premium,H,SI,6.68,6.6
1664,0.55,Premium,E,VS,5.35,5.31
4702,1.14,Very Good,J,VS,6.76,6.81
4451,1.07,Very Good,I,SI,6.49,6.57
5593,1.02,Premium,G,VS,6.41,6.37
6069,1.21,Ideal,H,SI,6.83,6.91
6443,1.3,Good,D,SI,7.27,7.22
6223,1.62,Good,J,SI,7.41,7.33
3470,0.9,Good,F,SI,6.23,6.35
4046,0.79,Ideal,H,IF,5.96,5.98
906,0.33,Ideal,E,VVS,4.46,4.5
2657,1,Ideal,J,SI,6.49,6.38
5998,1.02,Premium,G,VS,6.39,6.34
475,0.33,Ideal,G,SI,4.42,4.45
5799,1.09,Premium,D,SI,6.61,6.57
6397,1.02,Good,F,VS,6.4,6.28
3250,0.9,Good,H,SI,6.06,6.11
3640,1,Fair,H,SI,6.27,6.15
12654,2,Ideal,H,SI,8.05,8.01
2726,0.79,Good,G,SI,5.86,5.84
574,0.3,Premium,D,SI,4.35,4.32
596,0.34,Premium,G,VS,4.41,4.47
1847,0.5,Very Good,D,VS,5.04,5.07
4384,1.01,Very Good,F,SI,6.31,6.37
599,0.26,Ideal,F,VVS,4.08,4.1
1397,0.4,Ideal,E,VVS,4.74,4.7
548,0.23,Ideal,F,VS,3.96,3.99
462,0.31,Ideal,D,SI,4.27,4.35
655,0.39,Ideal,E,I,4.66,4.61
1380,0.61,Ideal,I,VS,5.44,5.49
1145,0.55,Very Good,E,SI,5.34,5.39
11417,1.23,Ideal,G,VVS,6.89,6.93
7107,1.01,Very Good,F,VS,6.32,6.34
818,0.41,Premium,D,SI,4.75,4.72
1838,0.5,Ideal,G,VVS,5.09,5.13
1407,0.5,Good,E,VS,4.99,5.03
486,0.32,Very Good,E,SI,4.38,4.43
5273,1.01,Ideal,G,SI,6.4,6.32
652,0.31,Ideal,G,VS,4.36,4.39
4116,0.98,Ideal,G,SI,6.33,6.29
816,0.31,Very Good,G,VVS,4.29,4.32
698,0.33,Ideal,H,VVS,4.49,4.52
10353,1.21,Ideal,D,VS,6.91,6.86
15188,2.01,Very Good,F,SI,8.17,8.13
541,0.31,Ideal,D,SI,4.35,4.37
2030,0.55,Ideal,D,VS,5.29,5.24
1741,0.5,Ideal,G,VVS,5.06,5.09
463,0.33,Very Good,I,VS,4.34,4.42
11540,1.51,Ideal,H,VS,7.46,7.45
1142,0.42,Premium,F,VVS,4.83,4.86
622,0.27,Ideal,E,VVS,4.13,4.15
931,0.4,Ideal,G,VVS,4.75,4.78
626,0.34,Premium,D,SI,4.54,4.57
552,0.24,Very Good,E,VVS,4.07,4.1
2143,0.53,Ideal,E,VS,5.25,5.31
9403,1.19,Ideal,G,VVS,6.88,6.92
3018,0.77,Premium,F,VS,5.85,5.81
2456,0.84,Ideal,J,VS,6.07,6.06
4584,0.9,Ideal,H,VS,6.27,6.31
1739,0.53,Ideal,E,VS,5.16,5.2
854,0.33,Ideal,G,VS,4.42,4.38
4513,1.07,Ideal,D,SI,6.55,6.58
12030,1.7,Ideal,I,VS,7.75,7.54
1271,0.39,Very Good,G,IF,4.67,4.65
548,0.25,Very Good,E,VVS,4.16,4.19
826,0.51,Premium,E,I,5.29,5.23
5757,0.9,Very Good,D,VS,6.11,6.15
12031,1.07,Ideal,E,VVS,6.57,6.62
16462,2,Very Good,E,SI,8.17,8.27
6674,0.8,Ideal,F,IF,5.99,6.05
1619,0.54,Good,D,SI,5.15,5.11
772,0.31,Ideal,G,VVS,4.41,4.43
16253,1.23,Ideal,D,VVS,6.88,6.83
3858,1,Good,F,SI,6.36,6.29
526,0.3,Ideal,E,SI,4.29,4.33
8897,1.52,Premium,D,SI,7.46,7.4
924,0.31,Premium,E,VVS,4.35,4.37
5547,1.12,Premium,E,SI,6.8,6.74
544,0.31,Very Good,E,SI,4.35,4.4
2310,0.9,Fair,G,I,5.96,5.88
9299,1.11,Premium,E,VS,6.75,6.72
6586,1.08,Ideal,G,VS,6.59,6.62
5557,1,Very Good,I,VS,6.39,6.44
6787,1.01,Very Good,E,VS,6.37,6.31
1754,0.52,Ideal,H,VVS,5.17,5.2
2114,0.72,Very Good,G,SI,5.79,5.86
5528,1,Very Good,F,SI,6.28,6.39
1069,0.38,Ideal,E,VS,4.65,4.6
2847,0.84,Very Good,H,SI,6.1,6.12
814,0.3,Ideal,F,VVS,4.35,4.37
552,0.24,Very Good,E,VVS,3.97,4
9449,1.21,Ideal,E,VS,6.92,6.88
6048,1.2,Premium,H,VS,6.73,6.67
10681,1.71,Very Good,I,SI,7.63,7.6
906,0.35,Ideal,F,VS,4.58,4.54
4274,1.18,Premium,J,SI,6.83,6.78
536,0.28,Very Good,F,VS,4.2,4.26
506,0.3,Premium,F,SI,4.33,4.22
1006,0.46,Very Good,F,SI,4.9,4.87
4494,1.07,Premium,H,SI,6.57,6.53
1243,0.41,Ideal,E,VVS,4.79,4.76
9510,1.73,Very Good,J,VS,7.72,7.76
4081,1,Good,F,SI,6.28,6.33
2898,0.98,Good,H,SI,6.51,6.47
453,0.26,Very Good,E,VS,4.09,4.12
2782,0.72,Premium,D,SI,5.73,5.69
1061,0.41,Very Good,H,VS,4.7,4.69
1292,0.64,Very Good,H,SI,5.43,5.48
14058,1.7,Premium,H,VS,7.63,7.54
3443,1.22,Very Good,J,SI,6.8,6.75
4735,0.9,Premium,D,SI,6.32,6.3
2111,0.52,Ideal,I,IF,5.17,5.21
6151,1.04,Good,G,VS,6.6,6.64
3160,0.9,Fair,F,SI,6.06,6
579,0.33,Premium,I,VVS,4.43,4.45
707,0.4,Very Good,E,SI,4.71,4.74
1163,0.41,Ideal,H,VS,4.77,4.79
687,0.4,Good,F,SI,4.66,4.69
550,0.32,Premium,D,SI,4.34,4.37
876,0.41,Ideal,E,SI,4.73,4.7
1400,0.42,Premium,G,IF,4.8,4.87
1279,0.58,Ideal,F,SI,5.42,5.39
815,0.38,Premium,D,SI,4.77,4.74
898,0.4,Ideal,E,VS,4.75,4.79
5587,1.16,Ideal,I,VS,6.85,6.81
2880,0.74,Very Good,D,SI,5.72,5.74
7695,1.06,Very Good,G,VVS,6.56,6.6
2428,0.71,Very Good,H,VS,5.61,5.7
8491,1.2,Very Good,G,VS,6.82,6.75
4975,1.05,Very Good,I,VS,6.48,6.51
4106,0.94,Premium,G,SI,6.29,6.24
461,0.3,Ideal,F,SI,4.27,4.3
1390,0.55,Ideal,F,SI,5.28,5.34
4819,1.03,Good,I,VS,6.51,6.55
4118,1.01,Fair,E,SI,6.78,6.67
2371,0.52,Ideal,E,VVS,5.15,5.19
3061,0.9,Very Good,J,SI,6.11,6.14
1031,0.5,Premium,F,SI,5.21,5.18
5000,1.12,Ideal,E,SI,6.73,6.79
9471,1.5,Premium,I,VS,7.33,7.36
11294,1.5,Good,G,VS,7.41,7.45
4092,1.17,Premium,F,SI,6.82,6.86
1107,0.32,Ideal,D,VVS,4.41,4.45
17057,2.01,Premium,G,VS,8.16,8.12
9932,1.03,Ideal,E,VVS,6.49,6.52
788,0.35,Premium,E,SI,4.56,4.5
2807,0.93,Premium,J,SI,6.21,6.19
7455,1.01,Very Good,F,VS,6.29,6.31
1438,0.51,Very Good,E,SI,5.13,5.18
5806,1,Very Good,G,VS,6.31,6.27
918,0.32,Ideal,G,IF,4.44,4.48
1255,0.41,Very Good,F,IF,4.69,4.75
766,0.38,Ideal,I,VVS,4.62,4.65
841,0.32,Very Good,D,VVS,4.43,4.46
631,0.36,Very Good,E,VS,4.66,4.69
5139,1.14,Premium,G,SI,6.8,6.73
10697,1.72,Very Good,G,SI,7.63,7.67
7789,1.21,Ideal,H,IF,6.79,6.89
1781,0.53,Ideal,H,VVS,5.22,5.24
1318,0.43,Ideal,G,IF,4.84,4.87
6557,1.23,Ideal,D,SI,7.01,6.96
2100,0.7,Fair,H,VS,5.65,5.54
4640,1.09,Very Good,I,SI,6.61,6.69
9863,1.23,Ideal,G,VS,6.83,6.87
2866,0.71,Ideal,E,VS,5.74,5.7
1556,0.5,Premium,I,VVS,5.05,4.98
737,0.3,Ideal,G,VVS,4.32,4.34
4679,1.03,Ideal,D,SI,6.46,6.51
1389,0.52,Very Good,H,VS,5.08,5.09
12210,1.51,Ideal,G,VS,7.45,7.43
3074,0.9,Good,G,SI,6.1,6.06
14938,1.51,Very Good,G,VVS,7.33,7.38
3254,0.74,Ideal,H,VS,5.82,5.84
12603,1.51,Very Good,G,VS,7.34,7.3
2800,0.79,Ideal,I,VS,5.92,5.95
523,0.31,Premium,G,SI,4.37,4.35
4328,1.03,Fair,I,VS,6.67,6.58
3357,0.9,Good,H,SI,6.05,6.12
4829,1.1,Ideal,E,SI,6.68,6.64
6296,1,Very Good,G,VS,6.46,6.49
789,0.3,Ideal,H,IF,4.35,4.37
732,0.31,Ideal,I,VVS,4.36,4.33
14574,2.02,Premium,E,SI,8.21,8.18
5629,1,Ideal,E,SI,6.46,6.48
4161,0.9,Ideal,G,SI,6.18,6.23
1090,0.51,Very Good,F,SI,5.19,5.24
15475,2.07,Ideal,H,SI,8.15,8.23
2862,0.7,Ideal,H,VS,5.71,5.74
7823,1.11,Ideal,F,VS,6.62,6.66
586,0.39,Ideal,J,VS,4.66,4.69
1013,0.54,Premium,F,SI,5.26,5.16
4569,1,Good,H,VS,6.26,6.31
1188,0.5,Ideal,J,VS,5.08,5.14
3464,0.73,Ideal,D,VS,5.78,5.82
5280,1.13,Premium,D,SI,6.64,6.68
790,0.39,Very Good,J,VS,4.64,4.59
561,0.32,Very Good,E,VS,4.4,4.42
666,0.4,Premium,H,SI,4.65,4.69
4173,0.92,Very Good,H,VS,6.17,6.11
5284,1.11,Premium,F,SI,6.67,6.61
2768,0.71,Very Good,G,VS,5.52,5.61
952,0.39,Ideal,G,VVS,4.68,4.71
1173,0.57,Ideal,I,SI,5.28,5.32
654,0.4,Ideal,G,SI,4.75,4.77
689,0.34,Premium,H,VS,4.5,4.47
802,0.31,Premium,F,VS,4.37,4.31
1080,0.32,Premium,H,IF,4.39,4.37
2312,0.55,Very Good,E,VVS,5.32,5.39
882,0.42,Premium,G,SI,4.79,4.75
984,0.43,Fair,H,SI,4.78,4.72
16392,2.03,Very Good,I,SI,8.01,8.07
720,0.32,Premium,I,VVS,4.38,4.35
3048,0.72,Premium,D,SI,5.78,5.72
655,0.4,Good,G,SI,4.66,4.69
4497,1.01,Premium,F,SI,6.43,6.4
1906,0.51,Good,E,VVS,5.03,5.07
703,0.41,Ideal,J,VS,4.73,4.77
1010,0.32,Ideal,E,VVS,4.41,4.44
4620,1.26,Ideal,I,SI,7.01,7.04
7611,1.07,Very Good,G,VS,6.67,6.69
787,0.33,Very Good,H,IF,4.43,4.45
854,0.33,Ideal,F,VS,4.48,4.45
3795,0.9,Good,E,SI,6.12,6.08
3409,0.72,Ideal,E,VS,5.78,5.83
364,0.23,Ideal,G,SI,3.93,3.96
4878,1.01,Premium,E,SI,6.49,6.46
4714,1.31,Very Good,G,SI,6.91,6.8
5174,1.1,Ideal,E,SI,6.64,6.61
5885,1.13,Ideal,H,VS,6.7,6.66
8145,1.23,Premium,G,VS,6.94,6.99
802,0.31,Premium,F,VS,4.41,4.34
1692,0.55,Premium,D,SI,5.27,5.29
4181,0.85,Ideal,E,SI,6.11,6.14
16451,1.53,Premium,G,VVS,7.45,7.49
4778,1.06,Ideal,G,SI,6.55,6.48
5947,1.25,Premium,D,SI,6.86,6.82
6912,1.01,Good,D,VS,6.28,6.35
2400,0.8,Fair,G,SI,5.76,5.73
2921,0.65,Ideal,F,VVS,5.58,5.61
11966,2,Fair,J,VS,7.96,7.75
698,0.31,Ideal,G,VS,4.37,4.34
526,0.3,Very Good,H,VS,4.3,4.32
3324,0.81,Good,D,SI,5.92,5.96
2317,0.59,Very Good,H,IF,5.42,5.48
1875,0.54,Ideal,H,VVS,5.23,5.27
5579,1.03,Premium,H,VS,6.53,6.46
702,0.32,Ideal,E,VS,4.38,4.41
2394,0.7,Ideal,G,SI,5.77,5.79
698,0.31,Premium,G,VS,4.37,4.35
889,0.41,Very Good,D,VS,4.72,4.75
3016,0.76,Ideal,H,VS,5.85,5.88
1733,0.64,Fair,E,SI,5.65,5.39
4238,1.02,Premium,F,SI,6.52,6.48
2150,0.7,Premium,G,SI,5.64,5.6
8806,1.17,Ideal,F,VS,6.77,6.74
1063,0.35,Ideal,D,VS,4.6,4.56
4256,0.93,Very Good,F,SI,6.32,6.39
3226,0.74,Ideal,F,VS,5.76,5.79
6218,1.03,Very Good,F,VS,6.34,6.31
681,0.37,Ideal,D,SI,4.6,4.63
12342,1.37,Ideal,G,VVS,7.07,7.12
4497,1.01,Ideal,F,SI,6.4,6.39
662,0.3,Very Good,D,SI,4.26,4.22
4774,1.06,Premium,F,SI,6.51,6.56
9183,1.53,Very Good,I,SI,7.24,7.32
2654,0.71,Ideal,E,VS,5.73,5.7
4801,0.91,Ideal,F,SI,6.22,6.24
2550,0.8,Ideal,G,VS,6.05,6.02
16064,2.01,Premium,E,SI,8.27,8.2
745,0.34,Premium,E,VS,4.45,4.48
1632,0.51,Ideal,F,VS,5.15,5.18
13104,1.79,Premium,I,VS,7.72,7.65
18779,2.06,Ideal,I,VS,8.15,8.19
2195,0.95,Premium,J,I,6.32,6.26
4197,1.01,Good,I,VS,6.29,6.26
921,0.42,Very Good,F,VS,4.85,4.89
2232,0.7,Ideal,G,SI,5.69,5.74
505,0.23,Very Good,E,VVS,4.01,4.04
974,0.34,Ideal,G,IF,4.48,4.5
6905,1.01,Very Good,G,VS,6.3,6.35
6462,1,Premium,G,VS,6.49,6.38
1554,0.6,Very Good,F,SI,5.37,5.4
1551,0.55,Ideal,E,SI,5.23,5.26
8013,1.67,Good,J,SI,7.71,7.73
2707,0.71,Fair,F,VS,5.96,5.76
803,0.34,Premium,D,SI,4.48,4.44
14199,2,Fair,H,VS,7.79,7.72
10655,1.51,Ideal,I,VS,7.4,7.28
4430,1.13,Premium,H,SI,6.8,6.74
4868,1.01,Ideal,G,SI,6.55,6.52
6403,1.23,Ideal,E,SI,7.01,6.92
14028,1.51,Very Good,G,VS,7.41,7.45
2760,0.8,Ideal,I,VS,5.94,5.87
13598,2.11,Premium,G,SI,8.19,8.23
6787,1.01,Premium,E,VS,6.46,6.44
1280,0.56,Ideal,J,VS,5.29,5.31
596,0.34,Very Good,E,SI,4.56,4.62
5313,1.5,Good,F,I,7.22,7.24
4588,1.01,Very Good,D,SI,6.4,6.43
5869,1.31,Premium,I,SI,6.96,6.91
2927,0.9,Premium,H,SI,6.32,6.29
16239,2.66,Good,H,SI,8.71,8.65
1110,0.48,Premium,F,SI,5.06,5
799,0.27,Ideal,E,VVS,4.17,4.12
6905,1.52,Fair,I,SI,7.19,7.22
499,0.3,Ideal,E,SI,4.27,4.29
765,0.4,Premium,J,VS,4.76,4.73
7233,1.38,Premium,H,VS,7.21,7.16
1847,0.54,Ideal,G,VS,5.24,5.21
8886,1.21,Very Good,E,VS,6.82,6.88
532,0.3,Ideal,I,VVS,4.29,4.33
10980,1.55,Premium,G,SI,7.49,7.44
5280,1.2,Very Good,H,SI,6.75,6.8
492,0.23,Very Good,D,VVS,3.94,3.99
2921,0.74,Very Good,H,VVS,5.79,5.81
2617,0.58,Ideal,D,VVS,5.32,5.4
631,0.4,Good,J,VS,4.7,4.73
3162,0.7,Ideal,F,VS,5.74,5.76
965,0.33,Ideal,G,VVS,4.45,4.41
811,0.37,Premium,E,VS,4.59,4.63
576,0.3,Premium,H,VS,4.4,4.3
450,0.3,Ideal,H,SI,4.26,4.29
769,0.26,Ideal,F,VVS,4.12,4.1
5209,1.23,Premium,J,VS,6.9,6.95
854,0.33,Ideal,G,VS,4.42,4.4
2184,0.7,Premium,F,SI,5.65,4.5
3614,1.09,Ideal,G,I,6.66,6.62
15126,2.01,Very Good,I,SI,8.14,8.21
1815,0.52,Ideal,E,VS,5.15,5.11
17535,1.97,Premium,H,VS,8.01,7.9
4497,1.01,Premium,F,SI,6.41,6.37
4586,1.17,Good,I,SI,6.91,6.83
1709,0.51,Premium,E,VS,5.1,5.08
648,0.36,Premium,E,SI,4.61,4.57
852,0.36,Ideal,E,VS,4.57,4.59
2066,0.56,Ideal,D,VS,5.3,5.26
3920,1,Good,I,SI,6.32,6.28
1838,0.5,Premium,F,VS,5.15,5.09
1689,0.52,Ideal,G,VS,5.16,5.22
448,0.26,Ideal,H,VS,4.13,4.15
7893,1.39,Very Good,I,VS,7.17,7.1
1841,0.52,Good,F,VS,5.1,5.02
1878,0.52,Ideal,G,VVS,5.18,5.15
4434,1.01,Premium,E,SI,6.42,6.39
1659,0.43,Ideal,D,VVS,4.82,4.81
766,0.38,Premium,G,VS,4.71,4.74
361,0.25,Good,E,VS,3.99,4.04
620,0.3,Very Good,G,VS,4.25,4.27
14424,1.52,Premium,G,VS,7.38,7.35
18468,2.04,Good,D,SI,8.15,8.11
14084,2.08,Good,I,SI,8.1,8.02
1274,0.45,Very Good,H,VVS,4.9,4.93
4788,1.14,Premium,H,SI,6.8,6.77
1392,0.54,Very Good,G,SI,5.16,5.19
593,0.31,Ideal,G,SI,4.38,4.32
698,0.31,Premium,E,SI,4.31,4.26
10929,1.64,Ideal,F,SI,7.59,7.55
2512,0.74,Premium,E,SI,5.93,5.91
11946,2.1,Fair,G,SI,8.26,8.19
956,0.3,Premium,E,VVS,4.33,4.28
15339,2.03,Good,I,SI,8.04,7.93
4158,0.92,Good,D,SI,6.11,6.16
1787,0.51,Ideal,D,VS,5.11,5.14
421,0.3,Very Good,H,SI,4.24,4.3
1070,0.53,Very Good,G,SI,5.19,5.21
4609,0.91,Ideal,I,VVS,6.29,6.31
863,0.41,Very Good,I,VVS,4.79,4.84
3595,0.9,Good,E,SI,6.12,6.16
1244,0.57,Ideal,E,SI,5.34,5.36
2050,0.72,Very Good,G,SI,5.83,5.89
2570,0.83,Ideal,J,VS,5.98,6.03
3403,1.14,Fair,J,SI,6.56,6.54
10947,1.51,Very Good,G,SI,7.35,7.42
1894,0.7,Very Good,E,SI,5.63,5.51
6097,1.01,Premium,F,VS,6.45,6.38
4295,1,Very Good,D,SI,6.29,6.19
1838,0.5,Very Good,G,VVS,4.99,5.04
12338,2.01,Ideal,I,SI,8.07,8.03
499,0.23,Very Good,E,VVS,3.94,3.99
12980,2.13,Premium,I,SI,8.43,8.37
1290,0.39,Premium,F,VVS,4.75,4.73
2196,0.7,Premium,F,SI,5.76,5.82
561,0.32,Ideal,G,VS,4.37,4.39
5809,1.14,Premium,D,SI,6.79,6.73
1648,0.5,Ideal,H,VVS,5.09,5.12
475,0.3,Ideal,H,SI,4.27,4.3
10852,1.01,Ideal,E,VVS,6.44,6.49
6429,1.29,Premium,I,SI,6.99,6.96
17141,2.02,Ideal,H,SI,8.07,8.03
1319,0.47,Ideal,D,VS,4.99,5.03
1749,0.52,Premium,D,VS,5.09,5.13
6429,1.01,Good,D,VS,6.43,6.45
7424,1.21,Ideal,E,SI,6.88,6.79
1725,0.55,Very Good,E,VS,5.22,5.27
1388,0.46,Premium,D,VS,4.97,4.94
401,0.3,Ideal,E,SI,4.3,4.33
956,0.3,Ideal,G,IF,4.32,4.28
2174,0.51,Good,D,VVS,5.07,5.1
10622,1.22,Ideal,E,VS,6.77,6.88
462,0.31,Good,G,SI,4.29,4.33
530,0.23,Very Good,E,VVS,3.9,3.93
1294,0.46,Premium,E,VS,4.95,4.98
932,0.36,Premium,F,VS,4.64,4.61
2573,0.72,Very Good,E,SI,5.85,5.9
1816,0.57,Good,G,VS,5.34,5.45
1819,0.56,Very Good,E,VS,5.28,5.31
386,0.21,Premium,D,VS,3.89,3.86
9760,1.71,Premium,I,SI,7.78,7.71
5578,1.2,Ideal,I,SI,6.9,6.84
1662,0.54,Ideal,D,SI,5.21,5.25
739,0.32,Ideal,E,VS,4.39,4.42
3251,0.82,Ideal,F,SI,5.95,5.99
1395,0.5,Good,E,VS,5.12,5.18
1637,0.54,Ideal,G,VS,5.29,5.25
8458,1.28,Premium,G,VS,7,6.92
7109,1.28,Ideal,H,SI,7.02,6.97
1077,0.5,Good,E,SI,5.03,5.08
570,0.3,Premium,E,VS,4.28,4.31
1001,0.41,Ideal,F,VVS,4.8,4.82
2873,0.76,Very Good,F,VS,5.8,5.86
882,0.4,Good,E,SI,4.67,4.63
6969,1.22,Premium,G,SI,6.79,6.79
1008,0.32,Ideal,F,VVS,4.43,4.4
18128,2.21,Ideal,G,SI,8.38,8.47
1846,0.5,Premium,H,IF,5.14,5.18
5057,1.08,Ideal,G,SI,6.55,6.64
730,0.32,Ideal,G,VVS,4.41,4.43
1263,0.55,Ideal,F,SI,5.26,5.22
5430,1.01,Good,E,VS,6.26,6.22
1799,0.72,Good,H,SI,5.68,5.65
525,0.25,Very Good,G,VVS,4.07,4.09
2782,0.7,Premium,E,VS,5.62,5.54
1097,0.5,Very Good,E,SI,5.05,5.02
5731,1.01,Very Good,D,SI,6.36,6.39
5050,1.03,Very Good,H,SI,6.41,6.53
1812,0.51,Very Good,F,VS,5.22,5.16
11644,1.41,Premium,E,VS,7.18,7.1
3893,1.03,Ideal,J,SI,6.51,6.45
447,0.3,Very Good,G,SI,4.28,4.32
1892,0.54,Very Good,D,VS,5.16,5.24
1267,0.57,Very Good,I,VS,5.33,5.34
952,0.39,Ideal,G,VVS,4.67,4.7
7293,1.01,Good,E,VVS,6.3,6.34
2463,0.75,Very Good,F,SI,5.88,5.91
505,0.23,Very Good,F,VVS,3.9,3.95
1402,0.5,Good,D,VS,4.98,5.01
1646,0.6,Premium,G,SI,5.38,5.37
11456,1.2,Very Good,E,VVS,6.73,6.78
2352,0.7,Fair,D,SI,5.57,5.5
2404,0.71,Very Good,F,SI,5.72,5.79
802,0.31,Premium,H,VVS,4.36,4.31
2773,0.7,Premium,D,VS,5.87,5.78
1865,0.57,Ideal,D,VS,5.3,5.33
791,0.41,Ideal,D,SI,4.77,4.79
682,0.4,Good,E,SI,4.66,4.69
1020,0.32,Ideal,E,VVS,4.43,4.38
3381,0.71,Ideal,E,VS,5.71,5.75
685,0.41,Good,F,SI,4.69,4.73
15843,1.59,Ideal,G,VVS,7.53,7.59
1153,0.41,Ideal,E,VS,4.79,4.76
1107,0.41,Premium,F,VS,4.84,4.79
668,0.24,Premium,E,VVS,4.06,4.03
1571,0.57,Premium,F,SI,5.34,5.31
1286,0.5,Good,G,SI,5.06,5.03
386,0.21,Premium,D,VS,3.96,3.93
1447,0.52,Premium,G,VS,5.19,5.22
6355,1.07,Very Good,G,VS,6.5,6.55
4903,1.18,Fair,F,SI,7.15,7.01
2130,0.71,Good,F,SI,0,0
942,0.31,Ideal,H,VVS,4.42,4.39
5976,1.26,Very Good,E,SI,6.82,6.85
1718,0.55,Ideal,F,SI,5.3,5.26
4561,0.97,Premium,F,SI,6.28,6.31
3920,1,Premium,H,SI,6.42,6.38
3888,1.01,Very Good,I,SI,6.36,6.51
5818,1.2,Good,I,VS,6.84,6.89
1044,0.53,Very Good,J,SI,5.18,5.21
552,0.24,Ideal,F,VVS,4.03,4.06
436,0.31,Ideal,I,SI,4.33,4.36
478,0.24,Very Good,F,VVS,3.95,3.98
3443,0.76,Good,D,VS,5.81,5.85
1695,0.53,Ideal,G,VS,5.22,5.25
1881,0.55,Premium,G,VS,5.3,5.25
4844,1.2,Premium,I,VS,6.79,6.74
6918,1.12,Ideal,G,VS,6.59,6.64
900,0.32,Ideal,E,VS,4.4,4.36
1401,0.54,Ideal,G,VS,5.22,5.26
2815,0.76,Very Good,F,SI,5.93,6.01
4821,1.01,Ideal,H,VS,6.35,6.4
4600,1.51,Very Good,J,I,7.31,7.23
1255,0.58,Ideal,H,SI,5.34,5.37
605,0.3,Premium,G,VS,4.3,4.33
413,0.27,Very Good,E,VS,4.19,4.22
3662,0.9,Very Good,E,SI,6.09,6.18
1822,0.52,Ideal,D,VS,5.14,5.19
418,0.31,Very Good,I,SI,4.35,4.38
1927,0.73,Premium,I,SI,5.79,5.76
698,0.31,Ideal,E,SI,4.36,4.35
6762,1.29,Ideal,F,SI,7,7.07
1173,0.4,Very Good,G,IF,4.69,4.73
984,0.35,Ideal,E,VS,4.55,4.52
619,0.29,Ideal,E,VS,4.33,4.35
907,0.41,Premium,F,SI,4.86,4.82
539,0.33,Ideal,H,VS,4.45,4.48
2376,0.75,Fair,D,SI,5.64,5.6
840,0.31,Ideal,F,VVS,4.37,4.39
2491,0.74,Very Good,I,VS,5.78,5.8
734,0.31,Ideal,D,VS,4.3,4.34
3619,0.88,Ideal,F,SI,6.11,6.17
2770,0.73,Premium,G,VS,5.87,5.82
5701,1.01,Good,G,VS,6.35,6.3
4080,1,Very Good,I,SI,6.4,6.46
8990,1.2,Good,F,VS,6.74,6.78
3116,0.9,Good,F,SI,6.08,6.14
9088,1.41,Good,H,VS,7.04,7.12
4439,0.9,Ideal,E,SI,6.31,6.37
874,0.32,Premium,F,VS,4.37,4.33
6000,1.2,Very Good,H,VS,6.78,6.68
6712,1.51,Premium,J,SI,7.44,7.29
563,0.25,Fair,D,VS,4.09,4.11
1213,0.58,Ideal,G,SI,5.36,5.39
6177,1.04,Ideal,G,VS,6.45,6.49
4749,1,Premium,F,SI,6.47,6.4
4965,1.09,Ideal,H,SI,6.57,6.6
11638,1.72,Very Good,E,SI,7.67,7.76
17146,2.71,Premium,E,SI,9.13,9.03
3130,0.74,Ideal,G,SI,5.8,5.83
5274,1.01,Ideal,F,SI,6.55,6.49
4096,0.92,Premium,D,SI,6.19,6.18
3142,1,Premium,G,SI,6.49,6.44
2870,0.72,Ideal,F,SI,5.72,5.79
581,0.3,Very Good,G,VS,4.29,4.31
10046,1.08,Ideal,F,VVS,6.57,6.6
2393,0.77,Good,H,SI,5.82,5.74
741,0.4,Ideal,G,SI,4.74,4.77
1921,0.63,Premium,E,SI,5.57,5.52
2445,0.73,Very Good,F,SI,5.69,5.73
5496,1.09,Ideal,G,SI,6.57,6.61
698,0.43,Ideal,F,SI,4.87,4.9
4645,1.11,Ideal,I,SI,6.59,6.64
6403,1.27,Ideal,H,SI,6.93,6.96
609,0.31,Ideal,H,VVS,4.37,4.39
752,0.3,Premium,D,VVS,4.26,4.3
4270,1.15,Premium,G,SI,6.71,6.69
5029,0.86,Good,D,VVS,6.02,6.12
5347,1.05,Ideal,F,SI,6.48,6.5
4861,1.07,Very Good,G,SI,6.6,6.69
8010,1.52,Premium,I,SI,7.47,7.41
788,0.35,Premium,E,SI,4.52,4.48
720,0.3,Ideal,G,VVS,4.34,4.37
1340,0.56,Ideal,F,SI,5.28,5.3
612,0.28,Very Good,F,IF,4.23,4.26
4661,0.94,Very Good,E,SI,6.29,6.33
9178,1.36,Very Good,H,VS,7.16,7.2
1016,0.43,Premium,F,SI,4.85,4.82
876,0.37,Ideal,D,VS,4.6,4.64
1981,0.7,Fair,H,VS,5.87,5.89
2898,0.79,Ideal,G,SI,5.9,5.85
2695,0.7,Premium,E,VS,5.64,5.59
942,0.31,Ideal,D,VS,4.32,4.31
666,0.33,Ideal,G,VS,4.44,4.47
1633,0.57,Very Good,G,VS,5.43,5.46
2508,0.7,Very Good,H,VS,5.8,5.9
1368,0.54,Ideal,G,SI,5.25,5.27
14744,2.3,Ideal,G,SI,8.51,8.48
558,0.31,Premium,H,SI,4.39,4.36
11574,1.55,Ideal,I,VS,7.4,7.44
4523,1.06,Ideal,H,SI,6.46,6.5
802,0.31,Ideal,F,VS,4.36,4.34
7520,1,Ideal,G,VVS,6.37,6.42
660,0.38,Ideal,H,VS,4.62,4.65
1827,0.51,Ideal,G,VVS,5.12,5.14
745,0.39,Ideal,G,VS,4.69,4.74
4039,0.77,Ideal,D,VS,5.85,5.88
10137,1.87,Ideal,J,SI,7.88,7.82
730,0.3,Very Good,F,VVS,4.38,4.44
916,0.35,Ideal,E,VVS,4.52,4.55
2637,0.71,Ideal,I,VS,5.77,5.72
1243,0.34,Ideal,E,IF,4.51,4.49
547,0.26,Very Good,F,VVS,4.17,4.2
3009,0.71,Very Good,E,VS,5.64,5.68
4250,0.93,Premium,E,SI,6.37,6.32
4234,0.71,Premium,D,VVS,5.88,5.84
1410,0.54,Ideal,E,SI,5.23,5.26
791,0.4,Very Good,E,VS,4.68,4.72
612,0.32,Premium,G,SI,4.36,4.34
1295,0.41,Very Good,F,VVS,4.78,4.79
9761,1.5,Ideal,I,VS,7.31,7.26
507,0.31,Ideal,I,VS,4.37,4.39
2870,0.73,Premium,E,VS,5.81,5.78
900,0.4,Premium,G,SI,4.7,4.66
3035,0.72,Ideal,G,VS,5.71,5.74
4560,1.03,Premium,D,SI,6.45,6.42
1827,0.7,Premium,J,SI,5.66,5.61
16628,1.52,Premium,E,VS,7.38,7.44
956,0.7,Fair,G,I,5.51,5.45
2212,0.7,Good,F,VS,5.64,5.45
852,0.36,Ideal,E,VS,4.56,4.6
4167,1.08,Very Good,F,SI,6.48,6.44
912,0.4,Ideal,E,VS,4.71,4.74
12407,2.01,Premium,J,SI,8.09,8
4213,0.79,Very Good,D,VS,5.86,5.88
924,0.31,Very Good,G,IF,4.33,4.36
648,0.36,Good,E,SI,4.55,4.52
3338,0.72,Very Good,F,VVS,5.68,5.71
1087,0.42,Premium,G,VS,4.89,4.83
2423,0.71,Ideal,G,SI,5.75,5.79
968,0.43,Premium,G,SI,4.83,4.8
16874,2.04,Very Good,I,VS,8.09,8.22
2494,0.71,Ideal,E,SI,5.74,5.77
2611,0.59,Very Good,G,IF,5.38,5.42
5726,1.21,Very Good,I,VS,6.89,6.85
1442,0.6,Ideal,H,VS,5.42,5.46
605,0.26,Ideal,G,VVS,4.07,4.09
1552,0.59,Very Good,H,VS,5.37,5.41
579,0.33,Very Good,E,SI,4.47,4.49
720,0.32,Premium,E,SI,4.41,4.39
1249,0.54,Good,D,SI,5.16,5.19
4702,1.14,Good,I,SI,6.58,6.62
15147,2.01,Good,I,VS,7.82,7.89
1006,0.5,Premium,G,SI,5.12,5.09
6199,1.23,Ideal,H,SI,6.85,6.82
765,0.34,Ideal,H,VS,4.48,4.45
4022,0.9,Premium,G,VS,6.2,6.13
4838,0.9,Ideal,F,VS,6.23,6.15
2442,0.79,Ideal,I,SI,5.94,6
450,0.3,Ideal,H,SI,4.3,4.32
3404,0.71,Ideal,F,VS,5.7,5.74
2862,0.71,Very Good,F,VVS,5.65,5.61
5602,1.22,Ideal,I,SI,6.91,6.86
472,0.23,Good,E,VVS,3.85,3.9
439,0.36,Ideal,I,SI,4.56,4.58
612,0.32,Ideal,G,SI,4.38,4.35
2929,0.7,Ideal,G,VS,5.68,5.71
477,0.3,Ideal,G,SI,4.29,4.31
1057,0.55,Ideal,H,SI,5.28,5.3
958,0.42,Ideal,E,VS,4.81,4.85
9035,1.5,Very Good,H,SI,7.27,7.33
4778,1.09,Ideal,J,VS,6.53,6.55
1892,0.54,Ideal,D,VS,5.21,5.24
1672,0.35,Ideal,D,VVS,4.55,4.57
4829,1.22,Premium,H,SI,6.92,6.86
1877,0.53,Premium,D,VS,5.18,5.14
2044,0.7,Very Good,J,VS,5.61,5.63
452,0.26,Very Good,E,VS,4.11,4.13
7722,1.4,Premium,I,VS,7.22,7.17
507,0.3,Ideal,I,VVS,4.26,4.28
868,0.35,Ideal,H,IF,4.55,4.58
4304,0.93,Very Good,E,SI,6.19,6.24
1077,0.5,Very Good,E,SI,5.05,5.08
2677,0.7,Ideal,E,SI,5.65,5.69
3294,0.74,Premium,D,VS,6,5.93
2474,0.8,Good,H,SI,6.02,6.06
1784,0.5,Ideal,G,VVS,5.05,5.09
4276,1.01,Good,F,SI,6.21,6.16
2485,0.61,Ideal,E,VS,5.43,5.45
6025,1.21,Ideal,G,VS,6.77,6.7
10663,1.09,Very Good,F,IF,6.63,6.69
480,0.28,Very Good,H,VVS,4.27,4.31
746,0.4,Very Good,D,VS,4.69,4.72
5504,1.23,Premium,J,VS,6.94,6.88
4072,1.01,Premium,I,SI,6.51,6.45
926,0.4,Ideal,E,VVS,4.75,4.76
9014,1.52,Premium,J,VS,7.37,7.34
15897,2.05,Premium,I,VS,8.07,8.12
1002,0.33,Ideal,D,VS,4.5,4.46
812,0.38,Premium,H,SI,4.68,4.66
6101,1.31,Very Good,J,VS,6.94,7.01
10993,1.66,Premium,H,VS,7.62,7.57
605,0.3,Ideal,G,VS,4.29,4.32
4508,1.19,Ideal,J,SI,6.8,6.85
11246,1.71,Premium,I,VS,7.82,7.73
2695,1,Premium,H,I,6.39,6.43
1656,0.51,Ideal,E,VS,5.1,5.13
5625,1.08,Ideal,H,VS,6.59,6.55
571,0.31,Premium,I,VVS,4.33,4.39
680,0.31,Premium,E,VS,4.32,4.39
2622,0.8,Ideal,F,SI,5.94,5.9
2102,0.51,Very Good,G,IF,5.09,5.13
765,0.4,Good,J,VS,4.7,4.67
2394,0.7,Good,H,SI,5.58,5.57
8669,1.2,Ideal,F,VS,6.84,6.79
650,0.34,Premium,G,SI,4.52,4.45
4659,1.2,Good,J,SI,6.72,6.78
1819,0.56,Ideal,G,VS,5.27,5.31
718,0.39,Ideal,F,SI,4.63,4.68
3451,0.7,Ideal,G,VS,5.7,5.73
1833,0.52,Very Good,G,VVS,5.22,5.27
615,0.35,Ideal,G,VS,4.53,4.56
1272,0.55,Ideal,D,SI,5.23,5.28
5161,1.28,Premium,H,SI,6.89,6.84
683,0.41,Premium,E,SI,4.8,4.85
1393,0.53,Very Good,I,VS,5.22,5.25
675,0.3,Ideal,G,VS,4.3,4.28
7741,1.01,Premium,F,VVS,6.35,6.41
4541,1,Good,D,SI,6.25,6.31
3220,0.9,Very Good,I,SI,6.08,6.15
1052,0.33,Ideal,G,IF,4.47,4.43
3618,0.7,Ideal,D,VS,5.62,5.65
4511,1,Ideal,I,VS,6.41,6.36
2572,0.71,Premium,I,VVS,5.7,5.65
5321,1.04,Ideal,F,SI,6.51,6.53
5702,1,Good,G,VS,6.33,6.38
3742,0.87,Premium,D,SI,6.3,6.26
8311,1.02,Ideal,G,IF,6.44,6.37
421,0.32,Good,G,SI,4.32,4.35
696,0.34,Good,F,VS,4.46,4.59
981,0.4,Good,E,VVS,4.82,4.88
895,0.39,Ideal,F,VS,4.66,4.69
5247,1,Very Good,H,SI,6.44,6.45
522,0.35,Good,D,SI,4.45,4.49
6518,1.2,Ideal,H,SI,6.83,6.76
9139,1,Very Good,E,VVS,6.41,6.45
868,0.3,Premium,F,VVS,4.24,4.28
2120,0.71,Good,E,SI,5.75,5.88
709,0.3,Premium,I,VVS,4.31,4.28
892,0.32,Ideal,E,VVS,4.41,4.42
3692,0.77,Very Good,F,VS,5.85,5.88
9660,1.23,Ideal,F,VS,6.82,6.85
4208,0.59,Ideal,D,IF,5.4,5.43
7660,1.24,Premium,G,VS,6.88,6.92
2903,0.75,Ideal,D,SI,5.83,5.8
1327,0.42,Ideal,E,VVS,4.81,4.83
2257,0.77,Ideal,J,VS,5.8,5.91
936,0.32,Ideal,G,VVS,4.44,4.43
827,0.41,Very Good,G,VS,4.76,4.8
4405,1.06,Ideal,I,VS,6.57,6.52
15064,2.02,Very Good,H,SI,7.97,8.04
925,0.33,Ideal,G,IF,4.48,4.51
11481,1.7,Premium,I,VVS,7.57,7.5
1845,0.51,Ideal,D,VS,5.15,5.12
3179,1.5,Good,G,I,7.56,7.39
2659,0.71,Premium,D,VS,5.53,5.67
5195,1.02,Ideal,F,SI,6.55,6.51
1033,0.34,Ideal,E,VS,4.5,4.46
11380,1.58,Premium,G,VS,7.58,7.52
8321,1.08,Ideal,F,VS,6.6,6.64
852,0.36,Premium,D,VS,4.63,4.68
8271,1.39,Ideal,I,VVS,7.21,7.22
777,0.42,Very Good,I,VS,4.78,4.8
3179,0.72,Ideal,D,VS,5.69,5.75
373,0.23,Very Good,D,VS,4.04,4.06
589,0.32,Very Good,D,SI,4.37,4.42
8099,1.25,Premium,H,VS,6.96,6.93
702,0.4,Very Good,G,SI,4.66,4.72
2838,0.7,Premium,F,VS,5.72,5.64
7240,1.01,Ideal,E,VS,6.57,6.51
6095,1.04,Very Good,G,VS,6.49,6.55
7147,1.13,Ideal,G,VS,6.68,6.71
2246,0.73,Premium,I,VS,5.81,5.94
882,0.4,Very Good,E,SI,4.69,4.65
9082,1.59,Premium,E,SI,7.59,7.55
2592,0.7,Very Good,E,SI,5.65,5.62
1337,0.5,Very Good,H,VS,5.06,5.11
1842,0.52,Premium,D,VS,5.13,5.09
857,0.3,Ideal,F,VVS,4.3,4.32
2098,0.55,Ideal,I,IF,5.33,5.38
707,0.31,Very Good,G,VVS,4.28,4.3
5637,1.25,Premium,J,VS,6.88,6.92
